first_name,last_name,DateofBirth,StartDate,Home Town,Department
York,Skinn,2/24/2019,8/4/2018,Penisihan,Business Development
Brittan,Servant,7/2/2018,5/12/2019,Pariaman,Research and Development
Esta,Crecy,4/21/2019,4/2/2019,Jiayi,Marketing
Hattie,Epton,11/10/2018,5/2/2019,Pasarnangka,Engineering
Georgi,Hebblewaite,1/23/2019,11/23/2018,Ciawi,Legal
Emlynne,Cohan,1/7/2019,4/22/2019,Elbasan,Research and Development
Reinhard,Cescotti,9/28/2018,7/5/2018,Stryków,Product Management
Eran,Harradine,9/10/2018,3/27/2019,Yunxian Chengguanzhen,Accounting
Alard,Tipperton,10/25/2018,10/16/2018,Schiedam postbusnummers,Product Management
Goober,Callery,9/20/2018,10/2/2018,Vecpiebalga,Research and Development
Sandi,Mountford,10/24/2018,5/19/2019,Fengxian,Marketing
Dorette,Henriet,1/20/2019,6/12/2019,San Jerónimo,Training
Zared,Naylor,4/3/2019,7/15/2018,Huaihe,Engineering
Philip,Edgley,8/3/2018,2/9/2019,Yuxi,Business Development
Dmitri,Roch,11/27/2018,6/22/2018,Ciseda,Human Resources
Aridatha,De Gregario,8/30/2018,8/1/2018,Jialai,Training
Bernie,Lacky,6/10/2019,3/24/2019,Yaodu,Business Development
Barney,Tomaskov,9/28/2018,6/2/2019,Palencia,Legal
Margot,Murrigan,5/3/2019,2/14/2019,Kadoma,Accounting
Shannon,Copcote,8/18/2018,7/14/2018,Mlandizi,Research and Development
Delcina,Waterland,10/22/2018,12/1/2018,Neni,Business Development
Rollins,Grunguer,3/13/2019,9/23/2018,Angoulême,Legal
Dahlia,Pitts,1/14/2019,11/29/2018,Jubao,Engineering
Humfried,Josefer,2/17/2019,7/25/2018,Hilversum,Services
Major,Cicutto,12/27/2018,4/8/2019,Babo-Pangulo,Engineering
Derry,Stannis,4/5/2019,1/19/2019,Itéa,Research and Development
Mureil,Hencke,12/25/2018,7/3/2018,Tiên Lãng,Legal
Calli,Storch,3/26/2019,4/22/2019,Las Heras,Engineering
Alaric,Gillbey,5/12/2019,3/23/2019,Hamburg,Support
Faustina,Scawen,1/10/2019,7/12/2018,Silgueiros,Engineering
Riccardo,Balfour,10/6/2018,10/26/2018,Dongtucheng,Sales
Karlen,De la Eglise,6/19/2019,11/27/2018,Tangban,Business Development
Dorothy,Lismer,4/3/2019,9/26/2018,Montpellier,Accounting
Charlotte,Bulcock,10/30/2018,8/20/2018,Kaum Kaler,Product Management
Cicily,Staff,1/4/2019,8/30/2018,La Troncal,Product Management
Desdemona,Scay,11/16/2018,4/15/2019,Toritama,Engineering
Demeter,Harroll,6/30/2018,7/18/2018,Al ‘Azīzīyah,Accounting
Roobbie,Duplan,11/11/2018,2/21/2019,Bombon,Services
Marsiella,Dyball,5/25/2019,8/14/2018,Jaroměřice nad Rokytnou,Product Management
Siusan,O'Neil,9/20/2018,7/18/2018,Privlaka,Marketing
Meryl,Everill,10/2/2018,9/30/2018,Dalai,Training
Roley,Gealy,8/24/2018,7/31/2018,Jixian,Support
Opaline,Bamsey,12/9/2018,12/13/2018,Chok Chai,Legal
Iolande,Newns,11/16/2018,6/17/2019,Huangyang,Human Resources
Nelia,Kerss,10/15/2018,10/2/2018,Togur,Marketing
Gaston,Gerger,9/18/2018,3/28/2019,Wangmang,Support
Raleigh,Orr,3/27/2019,8/6/2018,Al Marj,Training
Adey,McTrusty,1/25/2019,9/15/2018,Limoeiro,Legal
Rosanne,Haycroft,8/11/2018,2/1/2019,Songzhuang,Accounting
Nettle,Heathwood,6/12/2019,4/2/2019,Zharkent,Engineering
Yettie,Towe,6/25/2018,4/16/2019,Coronel,Services
Julianna,McKimm,7/18/2018,12/9/2018,Kyzyl-Kyya,Human Resources
Elsi,Bambra,9/27/2018,9/24/2018,Sitangkai,Research and Development
Tara,Thalmann,10/28/2018,5/15/2019,Seremban,Research and Development
Lorain,Tyhurst,10/20/2018,11/15/2018,Luyang,Services
Brooks,Devers,4/3/2019,7/1/2018,Paradyż,Research and Development
Raphaela,Onge,4/13/2019,5/20/2019,Daleman,Sales
Rebe,Fannin,12/23/2018,10/2/2018,Jiaocun,Research and Development
Zia,Melding,9/6/2018,12/9/2018,Fukagawa,Training
Marje,Ivashnyov,7/2/2018,12/19/2018,Valencia,Support
Lilyan,Mignot,5/13/2019,9/30/2018,Fengxian,Support
Marthe,Karlsen,10/8/2018,12/24/2018,Kungsbacka,Accounting
Lynn,Bertram,3/4/2019,6/13/2019,Mporokoso,Marketing
Hertha,Peppard,6/7/2019,4/15/2019,Bromma,Human Resources
Harbert,Shearsby,11/25/2018,3/4/2019,Chiba,Training
Mellicent,Boldock,4/2/2019,7/3/2018,Yuqi,Support
Arlyne,Grindlay,4/13/2019,5/30/2019,Villa Castelli,Support
Iorgo,Gerlack,4/8/2019,10/7/2018,Liopétri,Services
Eileen,Townsley,8/13/2018,10/13/2018,Abobo,Research and Development
Lyndell,Biaggetti,12/30/2018,3/27/2019,Mojogajeh,Product Management
Rori,Goscomb,10/17/2018,2/8/2019,Karangtanjung,Legal
Patrice,Medgewick,3/29/2019,8/19/2018,Mamfe,Research and Development
Camel,Artist,12/18/2018,1/15/2019,Rennes,Services
Bogart,Binyon,2/9/2019,11/11/2018,Cancas,Research and Development
Hersch,Engledow,8/10/2018,4/8/2019,Mumias,Business Development
Jim,Halladey,1/4/2019,5/7/2019,Zagreb - Centar,Support
Eydie,Towers,8/15/2018,5/1/2019,Jiajiaying,Human Resources
Quint,Lusty,1/18/2019,10/9/2018,Javorník,Support
Bondon,Divall,5/30/2019,12/9/2018,Etten-Leur,Accounting
Morgun,Falcus,8/16/2018,8/21/2018,Calanogas,Accounting
Nikita,Gentreau,8/31/2018,9/4/2018,Lidköping,Business Development
Matthus,Harriott,3/12/2019,5/31/2019,Pará de Minas,Business Development
Jehanna,MacKenzie,2/15/2019,11/10/2018,Mari,Support
Evania,Pressman,10/30/2018,10/29/2018,Ţūbās,Engineering
Molli,Stangroom,2/12/2019,2/22/2019,Adamantina,Training
Rickie,Sigars,1/2/2019,11/16/2018,Cadiz,Accounting
Ernesto,McGorley,3/14/2019,9/9/2018,Rufino,Training
Gusella,McGrale,11/1/2018,2/12/2019,Aquiraz,Product Management
Gail,Manders,7/5/2018,2/8/2019,Bezons,Human Resources
Linn,Ovens,5/18/2019,8/8/2018,Roanne,Training
Rachelle,Pargeter,5/28/2019,9/25/2018,Kālia,Sales
Jasper,McInally,1/5/2019,10/16/2018,El Perico,Training
Emilio,Idale,2/6/2019,8/22/2018,Taganskiy,Human Resources
Michaelina,Bodechon,6/15/2019,5/14/2019,Pandangan Kulon,Engineering
Tori,Acaster,9/23/2018,4/20/2019,Guazacapán,Business Development
Lydon,Borrow,12/30/2018,12/12/2018,P’rimorsk’oe,Services
Mort,McKenzie,2/11/2019,3/7/2019,Hepo,Product Management
Aridatha,Rodder,11/8/2018,6/2/2019,Cordova,Marketing
Laryssa,MacGeaney,11/1/2018,7/6/2018,Pereleshino,Research and Development
Esther,Pickerin,7/26/2018,8/25/2018,Reckange-sur-Mess,Human Resources
Christian,Tight,10/3/2018,6/5/2019,Argasari,Business Development
Toddie,Nimmo,1/26/2019,3/5/2019,Waxi,Training
Krishnah,Sooley,5/6/2019,9/15/2018,Daykitin,Sales
Isabella,Lidster,1/31/2019,10/7/2018,Belos Ares,Services
Marco,Grishaev,1/3/2019,5/10/2019,Hengdian,Research and Development
Melosa,Sprigin,10/1/2018,10/24/2018,Ban Khok,Support
Glynda,Dobsons,7/22/2018,7/24/2018,Szczytno,Marketing
Garv,Beales,11/15/2018,10/6/2018,Alepoú,Engineering
Warde,Klimov,5/20/2019,10/29/2018,Mafang,Accounting
Ermentrude,Scardefield,4/16/2019,2/26/2019,Parbatipur,Human Resources
Aube,Harry,12/22/2018,4/5/2019,Sasovo,Research and Development
Park,Simone,10/19/2018,10/6/2018,Nikita,Business Development
Belvia,Dimic,2/19/2019,10/31/2018,Binuangeun,Support
Angelo,Blanchet,2/12/2019,5/15/2019,Yinglong,Support
Aldwin,Georger,8/16/2018,11/19/2018,Richky,Support
Wiley,Noorwood,2/23/2019,9/8/2018,Villa Concepción del Tío,Support
Ginny,Brightling,12/15/2018,11/23/2018,Grand Rapids,Accounting
Bayard,Copner,3/26/2019,1/24/2019,Newton,Research and Development
Dasya,Bummfrey,7/6/2018,8/29/2018,El Paisnal,Sales
Gretal,Moatt,1/27/2019,11/8/2018,Veguitas,Human Resources
Erek,Scirman,4/10/2019,7/23/2018,Ghazni,Sales
Ker,Levermore,7/22/2018,1/14/2019,Thị Trấn Na Hang,Engineering
Katlin,Topaz,2/25/2019,10/21/2018,'s-Hertogenbosch,Human Resources
Brandyn,Skirvane,8/23/2018,1/20/2019,Wołomin,Engineering
Kevan,Boyce,12/17/2018,1/12/2019,Philadelphia,Legal
Filbert,Schulter,2/25/2019,5/2/2019,Panshi,Services
Catharina,Dugald,8/4/2018,5/31/2019,Nogent-le-Rotrou,Marketing
Deloria,Yaakov,11/22/2018,5/5/2019,Balong Wetan,Human Resources
Jeannine,De Mattia,3/6/2019,1/21/2019,Marugame,Marketing
Biddie,Maldin,7/3/2018,7/29/2018,Mallow,Business Development
Hector,Helgass,11/25/2018,7/26/2018,Seremban,Accounting
L;urette,Tambling,5/29/2019,4/22/2019,Bagan,Sales
Tobit,Petracchi,7/20/2018,6/4/2019,Boston,Accounting
Vern,Clemow,10/11/2018,1/15/2019,Tong’an,Product Management
Haskell,Warrack,6/28/2018,7/20/2018,Satka,Services
Codee,Frere,12/8/2018,2/5/2019,Taiping,Legal
Briano,Mabley,10/30/2018,9/24/2018,Lo Prado,Accounting
Kerri,Scrooby,5/23/2019,11/19/2018,Ostankinskiy,Accounting
Oliviero,Copnall,3/31/2019,7/8/2018,Glad,Legal
Anallise,Olifard,10/22/2018,2/28/2019,Sabanalarga,Product Management
Cammi,Richarz,8/25/2018,4/2/2019,Georgetown,Marketing
Talbert,Gaylor,7/20/2018,12/20/2018,Pitogo,Business Development
Constantia,MacCarter,8/4/2018,1/28/2019,Al Kittah,Human Resources
Floyd,Marchetti,9/9/2018,2/13/2019,Lipnik,Accounting
Elenore,Duffit,4/14/2019,5/5/2019,Envigado,Human Resources
Irv,Gullick,6/28/2018,11/5/2018,São Torcato,Sales
Gaylord,Rabley,10/9/2018,7/9/2018,Dalai,Legal
Gerhard,Melvin,4/19/2019,9/8/2018,Devon,Services
Mellisent,Agglione,7/23/2018,1/20/2019,Hexia,Services
Jefferey,Nipper,3/31/2019,1/2/2019,Pulau Pinang,Support
Oralla,Westwell,8/13/2018,11/13/2018,Ševica,Marketing
Querida,Elfes,11/26/2018,7/9/2018,Gampola,Human Resources
Alley,Davids,12/23/2018,3/26/2019,Mayorga,Human Resources
Bowie,Colleck,7/16/2018,12/12/2018,Aranitas,Marketing
Rosa,Bigglestone,8/17/2018,1/21/2019,Chisht-e Sharīf,Engineering
Zachary,Reap,6/14/2019,9/30/2018,Boynton Beach,Support
Loralie,Vanyakin,1/19/2019,4/17/2019,Villeneuve-lès-Avignon,Support
Domenic,Guillerman,7/30/2018,7/14/2018,Quivilla,Training
Herve,Emett,8/11/2018,8/14/2018,Shuangzhong,Accounting
Kiri,Edyson,10/4/2018,4/29/2019,Mont-de-Marsan,Sales
Roxanna,Muncaster,11/5/2018,6/12/2019,Crasto,Legal
Robbie,Extall,8/3/2018,8/7/2018,Wushi,Sales
Marcelo,Dobinson,6/6/2019,3/6/2019,Retreat,Business Development
Ignatius,Jedrys,10/19/2018,4/21/2019,Kinel’-Cherkassy,Services
Randee,Zorer,6/12/2019,12/7/2018,La Colorada,Support
Burnard,Thring,3/2/2019,12/19/2018,Kesamben,Services
Henrietta,Camolli,6/26/2018,6/29/2018,Chenqing,Research and Development
Chance,Thumnel,6/11/2019,9/2/2018,Kruševac,Human Resources
Sib,Sigge,9/16/2018,10/16/2018,Dadamtu,Business Development
Kasey,Dannatt,12/13/2018,9/2/2018,Serra Talhada,Accounting
Patty,Foot,12/29/2018,3/19/2019,Bang Pahan,Legal
Rhys,Farnfield,4/25/2019,7/9/2018,Kīsh,Services
Nicolina,Gaskin,12/18/2018,10/5/2018,Watubuku,Marketing
Willi,Stedman,4/7/2019,9/12/2018,Karangbadar Kidul,Marketing
Vinny,Boothroyd,11/13/2018,5/1/2019,Sagarejo,Sales
Rafi,Dagnall,2/21/2019,11/19/2018,Wuli,Business Development
Lauritz,Drewry,8/28/2018,3/14/2019,Bouaflé,Accounting
Johannes,Pattingson,9/19/2018,12/10/2018,Sheshan,Support
Aggi,Reppaport,10/31/2018,10/22/2018,Anguil,Accounting
Nial,Blaise,7/21/2018,8/19/2018,Požarevac,Support
Bengt,Moloney,11/3/2018,6/13/2019,Punta Gorda,Services
Goldina,Sangster,1/21/2019,11/15/2018,Thị Trấn Tủa Chùa,Support
Marlowe,Inglesent,6/7/2019,8/15/2018,Tabouda,Sales
Feodora,Dibner,6/11/2019,7/23/2018,Borås,Accounting
Amye,Sellors,12/21/2018,10/22/2018,Pelasgía,Business Development
Alisa,Codlin,6/14/2019,10/17/2018,Alphen aan den Rijn,Training
Corrie,Luckwell,2/11/2019,1/17/2019,Kadurahayu,Training
Kaile,Sinnock,9/12/2018,1/8/2019,Monte do Outeiro,Human Resources
Curtice,Landells,2/2/2019,5/19/2019,Farmahīn,Support
Patton,Damato,4/27/2019,12/24/2018,Góra,Support
Keriann,Corbishley,2/16/2019,3/26/2019,Dabou,Human Resources
Roxie,Suatt,6/9/2019,4/25/2019,Banjar Dharmasemedi,Business Development
Diana,Verrall,3/26/2019,12/31/2018,Kupavna,Product Management
Zilvia,Opdenort,9/16/2018,2/22/2019,Nancun,Services
Daryn,Farfalameev,5/3/2019,11/6/2018,Spétses,Services
Austin,Cuncarr,10/19/2018,9/3/2018,Goiatuba,Legal
Sven,Barrington,2/26/2019,6/11/2019,Argelia,Human Resources
Rayna,Tomaino,8/8/2018,7/28/2018,Ostrožac,Accounting
Ive,Somes,1/19/2019,3/22/2019,Getengan,Human Resources
Amelita,Tooker,7/28/2018,5/12/2019,Makin Village,Product Management
Sanders,Lowrie,3/2/2019,10/19/2018,Margen,Sales
Chariot,Grattan,2/8/2019,10/23/2018,Paghmān,Training
Margot,Adamolli,6/2/2019,11/3/2018,Krasnyy Kholm,Accounting
Nathanil,Davidovsky,1/11/2019,12/9/2018,Świnice Warckie,Marketing
Llywellyn,Griswaite,9/12/2018,7/10/2018,Donostia-San Sebastian,Business Development
Cory,Gaddas,6/3/2019,11/21/2018,Ashtarak,Training
Norah,Garrit,7/4/2018,7/8/2018,Krajan Timur Suger Kidul,Marketing
Harmony,Dominik,1/4/2019,12/10/2018,Sarajevo,Research and Development
Edvard,Fletcher,6/6/2019,10/1/2018,Cinyawar,Product Management
Jane,Liverock,6/19/2019,10/7/2018,Denver,Services
Wang,Perri,6/7/2019,12/29/2018,Ventersdorp,Services
Katerine,Dermot,2/3/2019,6/17/2019,Valence,Services
Darb,Crauford,10/15/2018,8/26/2018,Catamayo,Sales
Hilary,Nudd,4/21/2019,2/6/2019,Kokopo,Marketing
Delbert,Kenworthey,8/9/2018,12/21/2018,Kanbe,Legal
Jeanelle,Gislebert,1/29/2019,11/4/2018,Daban,Services
Marlow,Skillanders,7/19/2018,8/31/2018,Przyborów,Research and Development
Jake,McMennum,12/15/2018,7/11/2018,Tsuruga,Business Development
Calla,Fairholme,8/11/2018,6/1/2019,Hengdian,Human Resources
Gannie,Lightman,8/18/2018,6/5/2019,Barbacena,Services
Rozele,McMurray,7/7/2018,8/18/2018,Kubangeceng,Research and Development
Delano,Gonthier,4/1/2019,11/9/2018,Belyayevka,Training
Kerr,Yashunin,1/27/2019,6/26/2018,Golina,Marketing
Jdavie,Carruthers,6/1/2019,4/13/2019,Banaba,Training
Merola,Tookey,4/10/2019,7/4/2018,Haixing,Sales
Hubey,Layman,3/15/2019,9/22/2018,Ferreiros,Product Management
Rolando,Giocannoni,9/6/2018,7/2/2018,Pueblo Nuevo,Human Resources
Barbee,Uman,4/17/2019,10/17/2018,Kimakamak,Support
Joann,Dealtry,7/10/2018,12/11/2018,Patemon,Engineering
Antonia,Pimlett,2/3/2019,8/4/2018,Ocaña,Legal
Christoph,Kinsley,3/14/2019,8/3/2018,Stadtbredimus,Support
Shina,Pfaffe,6/9/2019,6/26/2018,Ipiales,Marketing
Freida,Ewbanke,10/25/2018,3/31/2019,Kołczygłowy,Product Management
Kalli,Pigdon,1/26/2019,2/2/2019,Marte,Training
Pennie,Dearnly,6/25/2018,1/2/2019,Cartago,Sales
Aldwin,Foskew,5/6/2019,4/23/2019,Kéfalos,Support
Wilie,Kingswell,7/24/2018,5/16/2019,Rovnoye,Sales
Zorine,Spencley,11/29/2018,10/30/2018,Lawdar,Product Management
Orly,Empson,12/5/2018,5/17/2019,Vale de Figueira,Research and Development
Lilith,Blumire,5/10/2019,6/2/2019,Kilkenny,Business Development
Candie,Treamayne,11/3/2018,6/10/2019,Puerto Maldonado,Marketing
Shirline,Quibell,8/11/2018,5/14/2019,Bankim,Legal
Olly,McCullen,3/13/2019,6/19/2019,Shakīso,Services
Onofredo,Le Borgne,4/6/2019,4/13/2019,Atipuluhan,Human Resources
Yolanthe,Romke,10/25/2018,3/14/2019,Del Pilar,Business Development
Thatch,Wildor,9/27/2018,11/10/2018,San Cristóbal Cucho,Product Management
Cirstoforo,Hakonsen,10/24/2018,12/27/2018,Nastola,Sales
Annabal,Done,11/27/2018,9/25/2018,Umm al Qaywayn,Training
Nessa,Master,7/12/2018,8/15/2018,Vahdat,Engineering
Dermot,Bacher,7/29/2018,4/9/2019,Lawrenceville,Sales
Alfie,Isson,5/27/2019,1/1/2019,Säffle,Sales
Eddie,Gravestone,4/9/2019,8/18/2018,Soi Dao,Support
Estrellita,Dupre,2/2/2019,5/14/2019,Lenger,Legal
Susanetta,Spracklin,9/18/2018,2/5/2019,Raciążek,Marketing
Lay,Faiers,6/12/2019,11/12/2018,Kaloyanovo,Business Development
Haily,Danilenko,2/15/2019,2/28/2019,Santa Rosa,Services
Myrle,Fones,3/3/2019,9/19/2018,Nantes,Human Resources
Adelina,Redler,4/20/2019,12/14/2018,Leluo,Legal
Hunter,Ide,2/21/2019,8/11/2018,Viradouro,Business Development
Elliot,Lane,8/8/2018,8/20/2018,Tanbuqiao,Sales
Farrel,Arbon,7/10/2018,11/7/2018,Waeng Yai,Legal
Darin,Elden,9/11/2018,4/6/2019,Pescadería,Engineering
Desdemona,Quarles,12/3/2018,5/31/2019,Lākshām,Marketing
Kirstin,Romera,3/28/2019,7/29/2018,Cipaku,Marketing
Wake,Haysom,3/7/2019,11/9/2018,Weitian,Engineering
Sibylla,Watting,7/11/2018,8/13/2018,Huaqiao,Services
Flory,Yukhin,3/21/2019,3/19/2019,Tomarovka,Research and Development
Amerigo,Tremayne,6/23/2018,2/1/2019,Bangjun,Engineering
Conrade,Snary,3/31/2019,2/18/2019,Baijiang,Sales
Jerry,Sliman,10/9/2018,10/12/2018,Qinglin,Research and Development
Ondrea,Lago,2/5/2019,2/19/2019,Lucerna,Engineering
Andeee,Buckthought,5/5/2019,9/23/2018,Conde,Services
Vlad,Sirman,2/21/2019,7/21/2018,Camgyai,Engineering
Tobias,Willcock,4/7/2019,8/31/2018,Melikkrajan,Business Development
Karrie,Penrice,10/25/2018,11/15/2018,‘Awartā,Human Resources
Lenard,Shoebrook,3/4/2019,9/25/2018,Yunxi,Legal
Vannie,Highman,9/27/2018,1/1/2019,Al Ya‘rubīyah,Training
Giles,Kiddy,5/9/2019,12/26/2018,Vetlanda,Marketing
Antonietta,Valentinetti,7/4/2018,8/22/2018,Shaba,Marketing
Cybill,Dearman,1/11/2019,10/28/2018,Terny,Services
Codi,Haughian,6/15/2019,7/29/2018,Tranås,Services
Tyler,Parnaby,2/15/2019,4/29/2019,Mikhaylov,Training
Alan,Jakolevitch,8/12/2018,5/25/2019,Huafeng,Research and Development
Amargo,Barbisch,9/4/2018,6/8/2019,Fiorentino,Accounting
Alford,Wasmuth,11/14/2018,12/7/2018,Gubuk Daya,Legal
Fey,Morsley,8/31/2018,7/5/2018,Rejowinangun,Research and Development
Skipper,Romero,7/22/2018,5/1/2019,Belogorskīy,Engineering
Minne,Joust,9/26/2018,10/16/2018,Atikokan,Engineering
Kelsey,Harbottle,8/31/2018,8/29/2018,Biga,Human Resources
Karol,Martel,10/14/2018,6/23/2018,Bergen,Marketing
Inna,Woodwind,1/8/2019,4/13/2019,Micheng,Product Management
Washington,Tasseler,1/23/2019,2/22/2019,Jixing,Human Resources
Aharon,Briat,5/1/2019,11/24/2018,Tanguá,Legal
Amity,M'Quharge,1/20/2019,7/18/2018,Horred,Training
Hadlee,Drust,5/30/2019,10/29/2018,Agrela,Human Resources
Theda,Caddick,9/22/2018,10/22/2018,Machado,Accounting
Briggs,Sola,4/1/2019,1/28/2019,Qixia,Marketing
Harrie,Weitzel,2/27/2019,9/3/2018,Yongshan,Legal
Lorene,Matei,5/21/2019,8/3/2018,Ban Na Muang,Research and Development
Dar,D'Adamo,7/12/2018,9/13/2018,Oli,Marketing
Nata,Arnholdt,1/26/2019,12/25/2018,Yokkaichi,Product Management
Hyacinth,Giovannacci,9/17/2018,7/16/2018,Santa Monica,Marketing
Ashil,Sent,7/17/2018,9/23/2018,Jāsim,Training
Allix,Bembridge,11/30/2018,11/2/2018,Druya,Product Management
Theobald,Teck,11/3/2018,9/23/2018,Moñitos,Sales
Shea,Doogood,11/25/2018,3/1/2019,Ad Dawḩah,Services
Vitia,Gaytor,11/30/2018,1/16/2019,Belogorskīy,Sales
Jozef,Gethouse,7/19/2018,11/5/2018,Chaihe,Product Management
Myranda,Klosser,2/25/2019,7/26/2018,Sugihmukti,Marketing
Derby,McAllaster,11/18/2018,8/3/2018,Marseille,Legal
Juliet,Lanchbury,11/8/2018,11/23/2018,Brzyska,Legal
Reade,Marshallsay,9/25/2018,7/13/2018,Fukiage-fujimi,Research and Development
Giustino,Pavitt,8/14/2018,7/31/2018,Long Beluah,Business Development
Cal,Andreaccio,1/30/2019,11/20/2018,Peliyagoda,Support
Merla,Izhak,4/14/2019,1/9/2019,Remiremont,Research and Development
Freda,Rulf,12/11/2018,11/29/2018,Tver,Research and Development
Halette,Kingaby,8/25/2018,3/14/2019,Kotel’va,Legal
Kathy,Mundell,9/30/2018,3/4/2019,Citangtu Kaler,Services
Bartholomeus,Eyres,10/31/2018,8/16/2018,Sandao,Human Resources
Lexy,Mordanti,2/18/2019,3/11/2019,Chlumčany,Product Management
Lucy,Korbmaker,5/7/2019,5/5/2019,Clarines,Accounting
Boyd,Kearns,3/25/2019,5/26/2019,Beskolen,Marketing
Rog,Buttle,3/30/2019,6/30/2018,Zhaojia,Marketing
Janos,Silkstone,7/26/2018,8/25/2018,Santa Marta,Accounting
Hendrick,Lavies,1/6/2019,11/15/2018,Yuwan,Engineering
Hanson,Allabush,8/22/2018,5/26/2019,Strážnice,Marketing
Deni,Chavrin,3/4/2019,3/24/2019,Luoshui,Engineering
Hedwiga,Maystone,2/21/2019,6/13/2019,Bolobo,Research and Development
Drucy,Maguire,1/23/2019,5/25/2019,Dukay,Engineering
Maxine,Pullen,12/15/2018,10/25/2018,Ratilangi,Engineering
Morna,Maxted,10/29/2018,11/24/2018,Järfälla,Marketing
Lena,Still,9/10/2018,6/14/2019,Youxi,Engineering
Trina,Twizell,7/10/2018,2/24/2019,Lomma,Training
Koralle,Bachshell,9/7/2018,1/25/2019,Caxias do Sul,Support
Clevey,Biermatowicz,4/4/2019,5/20/2019,Dầu Tiếng,Engineering
Zerk,Tipton,5/4/2019,3/11/2019,Ippy,Services
Wayland,Kildale,3/16/2019,4/29/2019,Cisalak,Legal
Vyky,Gergolet,11/15/2018,11/4/2018,Fort Smith,Training
Timotheus,Mosdell,7/29/2018,12/7/2018,Guling,Legal
Travis,Verdey,3/28/2019,7/17/2018,Yamoussoukro,Support
Maximilien,Baitman,1/15/2019,1/3/2019,Guxi,Business Development
Elliot,Androck,2/27/2019,11/14/2018,Xiaoying,Services
Derwin,Ciccetti,10/20/2018,7/15/2018,Balatun,Human Resources
Bruis,Midden,5/10/2019,1/16/2019,Slovenski Javornik,Legal
Chrotoem,Beltzner,4/28/2019,3/21/2019,San Carlos,Marketing
Raddy,Huckett,1/6/2019,5/14/2019,Angren,Legal
Augustus,Truesdale,7/29/2018,10/7/2018,Dengtang,Sales
Liam,Eates,8/26/2018,1/17/2019,Harding,Business Development
Fredric,Tuson,5/18/2019,12/27/2018,Mehar,Engineering
Timofei,Baxstare,12/6/2018,4/7/2019,Tromsø,Marketing
Cornie,Pinney,11/14/2018,1/4/2019,Tillabéri,Services
Deanna,Calcraft,11/20/2018,9/11/2018,Tanshan,Marketing
Thatch,Temprell,3/4/2019,1/30/2019,Yalagüina,Human Resources
Jo ann,Mallabon,6/11/2019,3/17/2019,Ban Talat Yai,Engineering
Tanya,Iacomettii,8/10/2018,7/24/2018,Konga,Engineering
Elaine,Djurevic,11/16/2018,12/13/2018,Courtaboeuf,Sales
Bord,Crichmer,10/31/2018,9/27/2018,Verdizela,Accounting
Honoria,Wallwood,3/25/2019,2/8/2019,Auch,Research and Development
Vic,Hillum,1/2/2019,10/14/2018,Mampong,Accounting
Richy,Lovering,9/6/2018,10/18/2018,Luleå,Business Development
Joaquin,Holsey,9/1/2018,11/15/2018,Daguo,Marketing
Clarissa,Montier,8/13/2018,4/24/2019,Wuying,Sales
Aguistin,Bedder,5/16/2019,2/4/2019,Chacarita,Business Development
Silvana,O'Kinneally,11/10/2018,8/6/2018,Taluksangay,Marketing
Kit,Caverhill,12/20/2018,5/11/2019,Bolou,Support
Nevin,Blaycock,3/3/2019,2/28/2019,Donghai,Support
Saraann,Stephens,4/13/2019,12/15/2018,Rudo,Research and Development
Idell,Griffith,7/30/2018,1/13/2019,Ratchasan,Research and Development
Micheline,Parnaby,9/23/2018,9/24/2018,San Roque,Product Management
Leontyne,McLaggan,6/24/2018,6/24/2018,Tanggan,Engineering
Chan,Drynan,5/6/2019,9/14/2018,La Sebala du Mornag,Product Management
Jarrad,Messum,7/22/2018,6/4/2019,Zhaolingpu,Services
Carlyn,Menhenitt,12/25/2018,5/13/2019,Barbacena,Marketing
Dido,Geaves,6/23/2018,6/15/2019,Mielec,Research and Development
Teddie,Nolan,12/16/2018,5/26/2019,Fort Lauderdale,Engineering
Agnesse,Pirnie,3/5/2019,12/7/2018,Lazaro Cardenas,Human Resources
Jacqueline,Goulston,11/2/2018,7/8/2018,Paniqui,Training
Sara-ann,Longmaid,11/6/2018,11/2/2018,Xiangzhu,Engineering
Dexter,McOwen,5/16/2019,6/8/2019,Kongwan,Sales
Manuel,Woodroffe,3/27/2019,4/5/2019,Manicahan,Services
Brenden,Salvage,10/6/2018,9/11/2018,Canomoy,Training
Alida,Oldroyde,5/1/2019,1/10/2019,Katabu,Engineering
Carine,Kremer,7/15/2018,1/20/2019,Firmat,Product Management
Hestia,Alcido,11/13/2018,6/27/2018,Cambuí,Training
Dyanne,Nornable,2/25/2019,7/7/2018,Kugesi,Business Development
Clem,Climson,4/16/2019,9/25/2018,Puutura,Human Resources
Eloisa,Grisard,4/15/2019,4/23/2019,Perbaungan,Support
Alikee,Defty,11/25/2018,2/18/2019,Tišina,Sales
Humphrey,Godley,11/3/2018,6/3/2019,Dębno,Support
Dehlia,Kightly,8/12/2018,11/26/2018,Putat Lor,Services
Carney,Dobrowlski,10/10/2018,2/6/2019,Dolní Bečva,Services
Talia,Snugg,6/1/2019,5/20/2019,Hamburg Sankt Pauli,Product Management
Christian,Rabidge,10/25/2018,1/2/2019,Henghe,Business Development
Adrian,Grosvenor,4/23/2019,11/18/2018,Sidamukti,Business Development
Harmon,Clothier,6/14/2019,9/17/2018,Xiayunling,Research and Development
Guinna,Crudgington,12/4/2018,3/22/2019,Gongju,Engineering
Elvina,Gomery,10/2/2018,5/1/2019,Silago,Accounting
Stanton,Geydon,12/22/2018,12/17/2018,Gândara,Training
Thurston,Sharply,5/28/2019,10/10/2018,Graz,Research and Development
Torrance,Mougenel,4/5/2019,4/6/2019,Siding,Training
Martainn,Kohrsen,1/8/2019,9/8/2018,Perelhal,Accounting
Ninnetta,Scarffe,7/25/2018,9/29/2018,Puqi,Human Resources
Benedetto,Figgess,10/6/2018,9/10/2018,Amadora,Sales
Chevy,Jedrychowski,2/28/2019,5/6/2019,Afaahiti,Product Management
Raeann,Cann,4/15/2019,9/9/2018,Liufang,Services
Denney,Stallon,11/23/2018,7/1/2018,Penja,Services
Cindee,Sibylla,9/5/2018,9/27/2018,Sanzao,Business Development
Luise,Corbishley,11/5/2018,7/22/2018,Huaniao,Human Resources
Karlis,Margram,6/22/2018,7/7/2018,Awat,Services
Patrica,Heinrici,10/28/2018,1/2/2019,Seixal,Product Management
Kevin,Ginnelly,9/14/2018,2/6/2019,Jiuhua,Accounting
Paloma,Extal,6/30/2018,7/20/2018,Iballë,Services
Mahmoud,Cowill,8/23/2018,12/9/2018,Cabannungan Second,Product Management
Barr,Chitty,1/5/2019,1/26/2019,Unaizah,Services
Kingston,Olwen,2/7/2019,5/22/2019,Lancaster,Business Development
Whitaker,Janko,3/20/2019,5/22/2019,Fangxiang,Accounting
Willy,McKenney,5/19/2019,11/11/2018,Asbest,Human Resources
Chaunce,Rolfi,6/3/2019,10/10/2018,Estoril,Services
Cher,Flanne,5/26/2019,8/16/2018,Údlice,Services
Romonda,Woollhead,2/20/2019,5/23/2019,Fratar,Business Development
Alidia,Penkethman,4/6/2019,8/9/2018,Yongxing,Sales
Arvin,Arrington,8/19/2018,6/7/2019,Yangyu,Training
Coral,Redmile,3/3/2019,3/17/2019,Mariscala,Product Management
Anitra,Eard,2/17/2019,2/26/2019,Ndendé,Marketing
Connor,Penfold,9/16/2018,2/19/2019,Kiev,Human Resources
Laughton,Aiton,6/4/2019,11/28/2018,Mocoa,Support
Mavis,Tomkies,10/21/2018,4/25/2019,Niños Heroes,Training
Caralie,Haps,3/8/2019,10/27/2018,Serra de Água,Training
Josefa,Salvadori,12/7/2018,9/17/2018,Picungbera,Engineering
Gerome,Roswarn,10/1/2018,10/30/2018,Junyang,Marketing
Liane,Normadell,10/23/2018,12/3/2018,Knoxville,Sales
Herbert,Stood,8/9/2018,10/21/2018,Danja,Accounting
Myrna,Collet,12/11/2018,11/13/2018,Kobryn,Human Resources
Constantin,Bouldstridge,7/6/2018,3/16/2019,Proletar,Human Resources
Jacqueline,Mosdill,3/5/2019,11/6/2018,Campo Viera,Support
Theodosia,Ridings,8/17/2018,8/20/2018,Jiuxian,Services
Kari,Assel,5/24/2019,8/21/2018,Karangnunggal,Product Management
Coriss,Janota,7/19/2018,1/18/2019,Pompano Beach,Business Development
Darb,Cusiter,9/20/2018,3/12/2019,Sukapura,Training
See,Naton,5/21/2019,2/21/2019,Zarumilla,Human Resources
Annecorinne,Burfield,11/4/2018,10/28/2018,Mengyin,Sales
Reider,Eliyahu,8/8/2018,11/30/2018,Buka,Business Development
Nicolette,Francklin,10/23/2018,11/6/2018,Bolengpulau,Legal
Coreen,Dick,11/8/2018,6/30/2018,Vargem Grande Paulista,Support
Violet,Mazella,9/16/2018,12/21/2018,Smokvica,Accounting
Kalindi,Scarrisbrick,2/3/2019,4/22/2019,Ban Phan Don,Services
Gerrie,Trent,3/13/2019,7/21/2018,Ḩāfiz̧ Moghul,Product Management
Mickey,Wilkins,11/23/2018,11/5/2018,Planaltina,Services
Elva,Rolingson,6/1/2019,3/17/2019,Omaha,Training
Casey,Shepland,7/10/2018,5/10/2019,Huaping,Engineering
Odey,Martinat,2/1/2019,10/26/2018,Poço Verde,Human Resources
Jobyna,Mighele,2/14/2019,11/30/2018,Citeureup,Business Development
Cordy,Gallamore,3/18/2019,2/8/2019,Naifaru,Accounting
Merv,Coffin,12/29/2018,6/20/2019,Dalo,Research and Development
Catlin,Bachshell,7/13/2018,2/5/2019,Majayjay,Training
Kipper,Rothchild,4/5/2019,9/29/2018,Cisiih,Business Development
Harlin,Creavin,1/9/2019,12/11/2018,Yuanda,Accounting
Eleanore,Dallywater,7/18/2018,7/30/2018,Veverská Bítýška,Research and Development
Reggi,Spinley,10/26/2018,7/2/2018,San Isidro,Product Management
Gertruda,Benka,10/20/2018,10/30/2018,Itabuna,Sales
Johnathan,Sallnow,2/4/2019,3/6/2019,Sumberejo,Accounting
Saloma,Gooden,9/29/2018,5/17/2019,Västra Frölunda,Engineering
Berton,Tabram,2/10/2019,7/7/2018,Krasnaya Polyana,Training
Janine,Hush,1/25/2019,8/28/2018,Montpellier,Business Development
Perry,Paudin,2/2/2019,5/23/2019,Gaoyi,Support
Tove,Gymlett,12/3/2018,4/29/2019,Bom Despacho,Training
Belicia,Novik,12/10/2018,5/3/2019,Peixing,Business Development
Petronilla,Greenrod,3/18/2019,12/12/2018,Baiquesi,Training
Brnaby,Bortol,1/21/2019,3/16/2019,Zbýšov,Support
Norean,Jess,4/7/2019,7/13/2018,Piraí do Sul,Research and Development
Lennie,Stelle,4/6/2019,5/9/2019,Ciheras,Sales
Lenora,Whysall,9/19/2018,6/18/2019,Malahide,Support
Tatum,Tallent,6/23/2018,11/2/2018,Pergan,Research and Development
Lock,Cardenas,1/19/2019,5/15/2019,Chinandega,Human Resources
Tally,Gerger,7/5/2018,7/4/2018,Wenwusha,Sales
Hadleigh,Fishlee,7/10/2018,5/17/2019,Leiwang,Legal
Putnem,Korda,7/4/2018,3/21/2019,Denver,Business Development
Anatola,Chinnock,5/25/2019,5/11/2019,Chichaoua,Engineering
Alexandr,Payley,3/1/2019,12/1/2018,Tyrnyauz,Support
Rosy,Belliveau,10/13/2018,10/12/2018,Lincha,Sales
Augustin,Dybald,9/22/2018,12/17/2018,Aldeia de Juzo,Marketing
Jaquelyn,Meus,1/31/2019,5/6/2019,Dongpu,Services
Lon,Alesbrook,11/2/2018,7/27/2018,Jiangwan,Business Development
Toddie,Boorman,1/8/2019,12/13/2018,Chroustovice,Legal
Christoforo,Simson,11/20/2018,6/4/2019,Богданци,Sales
Phyllys,Fidoe,11/17/2018,11/4/2018,Zongluzui,Engineering
Edyth,Kassidy,5/23/2019,8/28/2018,Täby,Support
Deerdre,Hambelton,4/19/2019,1/17/2019,Almolonga,Services
Klarrisa,Stair,4/2/2019,2/18/2019,Suresnes,Research and Development
Savina,Wasson,5/16/2019,4/21/2019,Causip,Legal
Filip,Tuting,5/14/2019,6/21/2018,Satovcha,Services
Damon,Daniely,11/28/2018,9/10/2018,Dalai,Human Resources
Erin,Burgane,11/15/2018,10/8/2018,Lyubokhna,Business Development
Ulrich,Flanagan,9/11/2018,8/18/2018,San Pedro,Marketing
Allyce,Speariett,6/18/2019,5/1/2019,Sandefjord,Engineering
Reeba,Abramowsky,12/26/2018,5/13/2019,Shuangqiao,Human Resources
Guilbert,Limpricht,12/17/2018,12/12/2018,Chino,Legal
Luci,O'Riordan,9/13/2018,8/7/2018,Mutum,Legal
Boothe,Ager,1/31/2019,5/5/2019,København,Sales
Brewster,Keely,11/5/2018,7/14/2018,Warri,Accounting
Edan,Gilardi,10/13/2018,8/24/2018,Colmar,Legal
Jacquie,Berntsson,3/30/2019,4/19/2019,Iralaya,Marketing
Clifford,Redemile,4/7/2019,2/1/2019,Gaojingzhuang,Human Resources
Nananne,Blowfield,11/8/2018,3/12/2019,Kamaishi,Legal
Philippe,Patterfield,3/11/2019,1/17/2019,Cubará,Engineering
Olimpia,Lunk,4/6/2019,3/2/2019,‘Uqayribāt,Services
Yolande,Pude,11/15/2018,1/30/2019,Burgersfort,Marketing
Baldwin,Kingsnode,4/30/2019,8/7/2018,Charneca da Cotovia,Business Development
Alberto,Luno,3/13/2019,3/20/2019,San Cristóbal,Business Development
Alicea,Richarson,5/11/2019,11/12/2018,Sasykoli,Legal
Mallorie,Loudwell,10/8/2018,9/21/2018,Kedungbanteng Krajan,Legal
Tommi,Shemelt,6/22/2018,6/23/2018,Limassol,Human Resources
Kristen,Boolsen,11/21/2018,2/11/2019,Xinglongjie,Training
Izaak,Stokes,5/26/2019,5/12/2019,Dushanbe,Training
Ravid,Crease,10/26/2018,6/6/2019,Sugcad,Services
Celle,Minker,8/30/2018,3/30/2019,Trudovoye,Research and Development
Gianni,Sketchley,5/12/2019,6/16/2019,Xietang,Support
Benedicto,O'Hallihane,2/24/2019,8/23/2018,Shujāābād,Legal
Papageno,Curling,1/23/2019,10/17/2018,Kufa,Research and Development
Chicky,Stobart,8/2/2018,7/21/2018,Hrtkovci,Research and Development
Dani,Dahill,8/11/2018,12/16/2018,Kafachan,Accounting
Ban,Iredale,10/15/2018,12/27/2018,Sindangrasa,Product Management
Spence,Greenhow,7/12/2018,8/17/2018,Anningqu,Accounting
Jarid,Brailey,10/14/2018,2/5/2019,Yehud,Sales
Saidee,Frammingham,2/22/2019,3/8/2019,Ōnojō,Research and Development
Alicea,Beekman,10/25/2018,7/18/2018,Mosal’sk,Business Development
Mikel,Lanfare,5/26/2019,3/25/2019,Pelasgía,Accounting
Arie,Rubinsztein,3/2/2019,9/26/2018,Rudo,Product Management
Owen,Alcalde,9/11/2018,1/21/2019,Ubinskoye,Marketing
Carol,Rickerby,11/13/2018,6/1/2019,Muang Xay,Marketing
Ermengarde,Fellos,6/18/2019,12/26/2018,Arapiraca,Human Resources
Joeann,Doody,11/21/2018,9/5/2018,Pengandonan,Legal
Jany,Giovannilli,3/17/2019,5/31/2019,Xishan,Research and Development
Anton,Locock,1/21/2019,1/21/2019,Třebíč,Business Development
Westbrooke,Borkin,4/10/2019,2/8/2019,Kolsh,Human Resources
Deanna,Gregr,10/30/2018,2/17/2019,Lue Amnat,Accounting
Laurianne,Sterry,12/4/2018,3/14/2019,Mestre,Research and Development
Lettie,Eagle,2/11/2019,5/26/2019,Vahdat,Engineering
Teddie,Doody,8/17/2018,12/20/2018,Saratov,Legal
Melony,Kilminster,8/10/2018,10/2/2018,Bīr Zayt,Legal
Max,Lowdeane,7/5/2018,4/20/2019,Mangli,Research and Development
Lynnett,Speedin,8/6/2018,4/12/2019,Shu,Accounting
Gardy,Glaum,10/16/2018,4/21/2019,Novoaleksandrovsk,Product Management
Britteny,Casewell,3/6/2019,3/5/2019,Pital,Human Resources
Rudyard,Hadcroft,2/14/2019,4/19/2019,Mitake,Research and Development
Catherina,Aronovitz,3/16/2019,8/9/2018,Villeneuve-la-Garenne,Product Management
Gennie,Whatmough,3/15/2019,4/16/2019,El Olivar,Legal
Janeczka,Caughan,6/5/2019,9/8/2018,Manzanares,Business Development
Gabbie,Mattin,9/4/2018,12/11/2018,Chipyela,Services
Evered,Wailes,1/2/2019,7/29/2018,Vinhas,Marketing
Kira,Vaughan-Hughes,9/23/2018,10/18/2018,Sop Moei,Marketing
Merralee,Arkin,8/17/2018,12/7/2018,Banjiang,Accounting
Raul,Emloch,2/22/2019,5/26/2019,Tuntum,Product Management
Eirena,Blabber,7/22/2018,1/13/2019,Maple Creek,Product Management
Carrol,Leehane,5/1/2019,12/16/2018,Nankang,Training
Timmy,Lorden,1/10/2019,9/15/2018,Baoyang,Training
Ky,Trewartha,9/19/2018,10/25/2018,Krajan,Services
Cyrus,Oliva,8/6/2018,3/18/2019,Várzea Grande,Product Management
Jo,Hugonnet,1/29/2019,9/2/2018,Jiangcun,Support
Hermann,Drury,9/12/2018,3/4/2019,Libertad,Services
Annette,O'Neil,5/19/2019,8/26/2018,Báguanos,Training
Raynor,Gramer,9/25/2018,4/25/2019,Wonokromo,Product Management
Crista,Postlewhite,1/20/2019,2/8/2019,Chiryū,Sales
Lindie,Strathe,11/15/2018,6/6/2019,La Virginia,Business Development
Wat,Bunyard,1/6/2019,4/20/2019,Luwu,Accounting
Ashien,Didsbury,4/14/2019,4/11/2019,Priozërsk,Services
Nolly,Yousef,9/25/2018,3/18/2019,Jinyuan,Product Management
Emmett,Idwal Evans,9/12/2018,6/11/2019,Monze,Legal
Sibby,Coventon,7/22/2018,2/8/2019,Kostarea Satu,Accounting
Marthena,Ogers,11/10/2018,9/12/2018,Fatuulan,Product Management
Debra,Wellbeloved,10/27/2018,2/15/2019,Tegalsari,Sales
Terrel,Inkster,7/5/2018,8/26/2018,Zhukovo,Product Management
Merrill,Eighteen,1/12/2019,11/20/2018,Sydney,Engineering
Alyosha,Simko,1/30/2019,1/16/2019,Alcanena,Support
Kelila,Piegrome,3/22/2019,11/25/2018,Daqiao,Human Resources
Ermina,Oriel,7/7/2018,9/16/2018,Piteå,Support
Floris,Beach,8/18/2018,7/5/2018,Tlogotunggal,Human Resources
Corrina,Prium,10/1/2018,3/21/2019,Lebedyn,Training
Marge,Normabell,11/3/2018,3/29/2019,Palmar de Varela,Training
Payton,Koppel,6/10/2019,1/4/2019,Nanbin,Support
Vassili,Bodd,2/13/2019,2/7/2019,Lusacan,Marketing
Pamella,Claige,12/31/2018,4/29/2019,Al Fuwayliq,Human Resources
Consuela,Rochelle,7/15/2018,7/14/2018,Dangcalan,Training
Mack,Purkiss,7/6/2018,12/14/2018,Lac La Biche,Accounting
Mavra,Rochewell,2/11/2019,12/29/2018,Krasnogorsk,Support
Marita,Archley,2/24/2019,10/28/2018,Shuangcheng,Support
Eward,Dutchburn,5/28/2019,3/14/2019,Wohyń,Services
Petunia,Drance,4/14/2019,3/16/2019,Jinzhuang,Human Resources
Danella,Norval,7/13/2018,8/6/2018,San Agustín,Services
Bernetta,Brook,6/8/2019,11/7/2018,Bayan,Accounting
Shepherd,Biggen,2/9/2019,12/26/2018,Battle Creek,Training
Mil,Float,6/18/2019,2/19/2019,El Zapotal del Norte,Human Resources
Lucienne,Braund,10/29/2018,5/16/2019,Kėdainiai,Support
Terrill,Skyner,9/22/2018,1/11/2019,Pacaraos,Research and Development
Leyla,Burdekin,9/15/2018,7/5/2018,Kaizuka,Engineering
Pierrette,Brenton,8/17/2018,4/7/2019,Longjumeau,Engineering
Helaine,Fortnon,5/22/2019,3/22/2019,Macheng,Services
Shelden,Redpath,10/12/2018,12/17/2018,Doumuhu,Accounting
Romeo,Pavyer,3/15/2019,3/4/2019,Ibara,Services
Hestia,deKnevet,12/22/2018,4/22/2019,Odessa,Engineering
Dulsea,Bresnahan,11/15/2018,11/10/2018,Zoumi,Business Development
Adolph,Grewe,8/2/2018,8/26/2018,Daming,Services
Arleen,Fowkes,11/20/2018,9/9/2018,Bouça,Human Resources
Hazlett,Borleace,6/23/2018,4/14/2019,Mananara,Business Development
Zenia,Wolton,5/12/2019,4/6/2019,Zuru,Training
Fanya,Gloster,6/18/2019,2/16/2019,Ghauspur,Marketing
Maritsa,Grayshan,10/11/2018,6/12/2019,Esmeraldas,Marketing
Gage,Minto,8/6/2018,2/26/2019,Lameira,Product Management
Helenka,De Cruce,12/4/2018,12/6/2018,Rydułtowy,Business Development
Alison,Bernardoni,1/24/2019,11/25/2018,Ostrówek,Marketing
Irena,Yarrow,4/4/2019,9/18/2018,Jing’an,Support
Laverna,Doers,8/29/2018,8/28/2018,Hongjiaguan,Training
Gerry,Le Count,8/28/2018,3/23/2019,Hengli,Engineering
Candra,Willans,11/7/2018,11/8/2018,Nueve de Julio,Legal
Tallia,Karel,1/18/2019,7/16/2018,Buenavista,Marketing
Allyson,Beckenham,9/7/2018,2/16/2019,Sandnes,Services
Valentin,Kilbourne,1/13/2019,10/9/2018,Curibaya,Accounting
Quintilla,Castelin,7/4/2018,1/26/2019,Lukashin,Accounting
Daniella,Roussel,1/11/2019,7/22/2018,Dologon,Accounting
Camellia,Biddulph,3/15/2019,10/15/2018,Tunduma,Product Management
Creight,Carbert,7/13/2018,1/30/2019,Kuching,Human Resources
Bryan,Dimsdale,4/19/2019,1/15/2019,Semiletka,Engineering
Cletis,Ainsley,5/4/2019,12/19/2018,Huacheng,Services
Fonz,Totterdell,3/27/2019,7/10/2018,Tangxing,Support
Marybelle,Chree,2/15/2019,12/13/2018,Burbank,Accounting
Doe,Abramin,12/10/2018,7/29/2018,Lulindi,Sales
Garrett,Poure,12/13/2018,11/5/2018,Vrbas,Research and Development
Gracie,Guesford,11/26/2018,5/24/2019,Al Jarādīyah,Product Management
Fanchette,Thorneloe,3/1/2019,9/21/2018,Gaoxing,Marketing
Johann,Joseland,8/30/2018,2/7/2019,Gondomar,Human Resources
Cassandra,Deedes,3/9/2019,11/1/2018,Xiashan,Training
Warde,Buddle,11/6/2018,2/22/2019,Ōtawara,Support
Tildi,Hinrichsen,10/2/2018,11/29/2018,Agios Dimitrios,Engineering
Emeline,Risborough,7/21/2018,1/26/2019,Mulanay,Sales
Orlando,Rotchell,5/10/2019,5/16/2019,Potosí,Marketing
Miller,Dinwoodie,2/16/2019,4/21/2019,Karangpete,Training
Monroe,Olpin,10/29/2018,2/24/2019,Kham Sakae Saeng,Marketing
Vera,Turbitt,3/3/2019,12/7/2018,San José,Services
Jedediah,Baillie,8/19/2018,4/25/2019,San Jacinto,Research and Development
Didi,Clayhill,10/6/2018,10/20/2018,Mvomero,Training
Cheryl,Oylett,10/12/2018,10/18/2018,Hengshui,Engineering
Bronnie,Nobles,10/25/2018,4/1/2019,Xubao,Sales
Antony,Winterbotham,1/16/2019,4/5/2019,Abū Mūsā,Product Management
Lonni,Folini,2/9/2019,12/4/2018,San Diego,Marketing
Tomasine,Clac,9/22/2018,8/15/2018,Sangba,Legal
Garik,Baily,11/6/2018,5/19/2019,Juhut,Legal
Ollie,Jertz,10/28/2018,5/12/2019,Itapaci,Human Resources
Charlton,Kobes,7/9/2018,1/1/2019,Novhorodka,Engineering
Savina,Ellison,8/8/2018,12/16/2018,Dingli,Legal
Vernon,Branney,8/28/2018,4/21/2019,Zoetermeer,Support
Albertina,Malsher,12/9/2018,3/5/2019,Pogranichnyy,Accounting
Belita,Cripwell,10/9/2018,10/21/2018,Mancagahar,Services
Britt,Kiernan,8/6/2018,10/22/2018,Bitin,Research and Development
Damon,Maase,7/24/2018,1/26/2019,Randusari,Research and Development
Tiffany,Hamill,7/22/2018,9/7/2018,Burgersdorp,Training
Rinaldo,Macieiczyk,8/28/2018,6/26/2018,Köln,Training
Wait,Wavell,11/20/2018,4/11/2019,Cibulakan,Accounting
Berkley,Crutchley,8/11/2018,12/30/2018,Đưc Trọng,Human Resources
Britte,Matteuzzi,7/5/2018,12/10/2018,Sungailiat,Accounting
Adrea,Nairy,9/6/2018,12/7/2018,Krajan Kulon,Human Resources
Dorothee,Shea,11/17/2018,2/12/2019,Oslo,Support
Salem,Crommett,7/15/2018,11/22/2018,Zhangcun,Sales
Dory,Haslin,5/4/2019,12/24/2018,Příbram,Services
Butch,Dorrington,9/30/2018,5/8/2019,Mlawat,Product Management
Hal,Checkley,5/29/2019,7/15/2018,Batukuta,Accounting
Merell,Portwaine,10/29/2018,4/13/2019,Sinait,Product Management
Rora,Kiera,4/2/2019,8/5/2018,Humaitá,Accounting
Rolph,Dryburgh,7/19/2018,4/25/2019,Jucás,Services
Ajay,Gurry,8/19/2018,10/13/2018,Huangjin,Legal
Nata,Borless,8/13/2018,11/20/2018,Outeiro,Sales
Tildy,Ducarne,11/4/2018,6/19/2019,Courelas Bravas,Support
Elton,Hackey,9/19/2018,7/2/2018,Vernon,Business Development
Mike,Gresley,12/21/2018,10/4/2018,Huancaray,Legal
Melisse,Hindrich,4/20/2019,11/9/2018,Changgang,Accounting
Claudie,Harmour,2/9/2019,7/14/2018,Qianjiang,Services
Nickolaus,Rossbrook,8/7/2018,8/13/2018,Benoy,Legal
Lisbeth,Rayner,12/20/2018,1/1/2019,Wyśmierzyce,Accounting
Afton,Inglesant,3/18/2019,3/23/2019,Leiwang,Legal
Shermie,Tremoulet,5/6/2019,8/12/2018,Novoshakhtinskiy,Training
Willy,Breed,7/21/2018,2/3/2019,Ambanja,Support
Bonnee,Nesby,11/19/2018,12/28/2018,Lisovi Sorochyntsi,Services
Marcelo,Bennis,11/10/2018,2/17/2019,Mariano Moreno,Training
Cale,Ossipenko,6/24/2018,12/20/2018,San Isidro,Support
Misty,Dany,2/2/2019,7/15/2018,Yucheng,Human Resources
Mathe,Ivimy,5/28/2019,8/11/2018,Karangnongko,Training
Dukie,Crevagh,1/16/2019,7/18/2018,Santa Catalina,Business Development
Fredek,Tearny,4/27/2019,6/24/2018,Bogorejo,Sales
Pablo,Randell,11/4/2018,10/9/2018,Velikiye Luki,Product Management
Timi,Petrou,1/4/2019,10/18/2018,Banpu,Support
Mic,Davidsson,1/10/2019,8/7/2018,Ryōtsu-minato,Accounting
Sileas,Greguol,3/1/2019,12/22/2018,Carson City,Support
Nev,Heffernon,7/30/2018,12/24/2018,Hyères,Sales
Rivy,Caudwell,5/22/2019,1/22/2019,Pawa,Product Management
Ervin,Chuter,7/31/2018,8/28/2018,Vysotsk,Sales
Ronalda,Relfe,12/30/2018,7/16/2018,Bugembe,Research and Development
Barnett,Prescote,7/18/2018,7/31/2018,Mayisyan,Services
Sylvan,Peres,2/27/2019,2/19/2019,Krasnyy Lyman,Sales
Jason,Prugel,6/6/2019,12/15/2018,Roriz,Support
Hinda,Duding,9/28/2018,2/5/2019,Xiachen,Accounting
Corrie,Lefever,12/13/2018,2/5/2019,Mautapaga Bawah,Support
Redd,Koop,1/17/2019,6/9/2019,Bayshint,Marketing
Fanchette,Bruff,6/30/2018,7/17/2018,San Jose,Research and Development
Linnie,Hutchings,10/21/2018,10/28/2018,Rokitno,Sales
Everard,Tothacot,9/3/2018,6/5/2019,Sumqayıt,Services
Milo,Strognell,6/25/2018,6/14/2019,Orvault,Human Resources
Ashton,Bannon,3/4/2019,12/28/2018,Shuitianzhuang,Support
Alberto,Kitchingman,12/5/2018,8/10/2018,Krajan Siki,Research and Development
Tatum,Pounsett,9/19/2018,12/22/2018,Novhorod-Sivers’kyy,Sales
Teddy,Strangman,8/3/2018,8/20/2018,Dongpu,Research and Development
Kandace,Housen,10/23/2018,5/8/2019,Mugala,Research and Development
Piggy,Mineghelli,4/23/2019,8/8/2018,Pakusari,Product Management
Llywellyn,Curman,11/30/2018,5/6/2019,Piippola,Training
Katheryn,Dwyr,6/20/2019,12/4/2018,Lillers,Sales
Jody,Escalera,11/2/2018,7/28/2018,Charlotte,Accounting
Cass,Owbrick,3/10/2019,3/27/2019,Bartošovice,Product Management
Delmar,Pestricke,1/20/2019,5/7/2019,Nijmegen,Accounting
Fionna,Wythill,4/29/2019,3/4/2019,Chengbei,Marketing
Rheta,Petrusch,12/29/2018,4/22/2019,Unidos,Training
Wang,Martinat,2/24/2019,6/27/2018,Lindavista,Engineering
Melvin,Stothert,1/18/2019,8/23/2018,Liang,Sales
Alvis,Dunthorn,9/24/2018,3/2/2019,Capitán Solari,Accounting
Carlye,Minster,5/23/2019,2/23/2019,Puračić,Research and Development
Rayna,Donativo,7/10/2018,4/30/2019,Granada,Accounting
Janean,Sammars,8/5/2018,10/1/2018,Enschede,Human Resources
Dallas,Bovey,1/25/2019,3/21/2019,Tukhlya,Support
Curt,Decent,9/13/2018,4/24/2019,Kyonju,Services
Darb,Musico,5/9/2019,4/3/2019,Shuitianzhuang,Engineering
Sarita,Cunde,3/26/2019,7/15/2018,Kỳ Anh,Product Management
Helge,Canto,5/9/2019,8/4/2018,Yujiao,Business Development
Svend,Vassman,2/10/2019,9/23/2018,Gusev,Support
Thorn,O'Scanlon,9/4/2018,3/13/2019,Sanli,Product Management
Goldy,Jeste,7/7/2018,5/21/2019,Xianbao,Product Management
Gearalt,Lelliott,4/4/2019,11/18/2018,Khirdalan,Accounting
Jarid,Silliman,6/17/2019,8/1/2018,Handa,Legal
Opalina,Klamman,2/12/2019,11/29/2018,Loma Bonita,Marketing
Donavon,Millership,10/26/2018,10/22/2018,Druju,Services
Noel,Idell,1/5/2019,5/23/2019,Mertert,Accounting
Cortie,Ferrierio,9/11/2018,2/15/2019,Luodian,Support
Derrick,Ellsom,10/8/2018,11/1/2018,Seredyna-Buda,Human Resources
Vinny,Guillford,8/24/2018,10/11/2018,Zhongshi,Business Development
Ronnica,Mucklestone,11/14/2018,9/15/2018,Donghai,Human Resources
Ken,Bloomfield,6/25/2018,1/17/2019,Shido,Training
Denyse,McCawley,3/26/2019,6/18/2019,Zoetermeer,Business Development
Ian,Waggitt,6/5/2019,7/8/2018,Kuala Lumpur,Business Development
Joycelin,Skeat,12/15/2018,3/10/2019,Byerazino,Product Management
Cassondra,Abrashkin,12/7/2018,3/26/2019,Dahuang,Engineering
Bailie,Tivolier,6/13/2019,1/10/2019,Oropéndolas,Product Management
Marj,Hugli,1/16/2019,3/6/2019,Ruda-Huta,Services
Orelee,Wimpey,8/31/2018,2/21/2019,Horodok,Support
Judi,Gabrieli,3/17/2019,10/31/2018,Chambly,Sales
Keely,Outlaw,8/9/2018,2/8/2019,Shapaja,Support
Lou,Sackler,11/29/2018,6/14/2019,Carson City,Services
Kearney,Biddlestone,9/17/2018,4/11/2019,Catache,Legal
Horton,Pairpoint,10/26/2018,9/6/2018,Cangchang,Human Resources
Lenette,Whyard,2/6/2019,12/17/2018,Jarabacoa,Human Resources
Val,Fyfield,6/28/2018,9/21/2018,Huanghu,Training
Nikolos,Ralph,2/7/2019,2/18/2019,Zhendeqiao,Business Development
Westbrooke,Kilroy,8/21/2018,3/21/2019,Jacutinga,Product Management
Cindy,Langley,10/24/2018,12/1/2018,Tessaoua,Legal
Ebony,Ince,11/27/2018,9/2/2018,Shypyntsi,Marketing
Kinsley,Bleything,3/3/2019,1/7/2019,Vratsa,Product Management
Cortney,Campanelle,7/3/2018,9/19/2018,Velykyy Burluk,Accounting
Frayda,Bilt,2/21/2019,2/17/2019,Szczawnica,Engineering
Jean,Ackenhead,6/30/2018,1/24/2019,Zhongchao,Training
Gus,Southern,1/9/2019,12/21/2018,Dikou,Services
Bentlee,Mintram,3/11/2019,5/2/2019,Billdal,Accounting
Verne,Attewell,2/25/2019,7/20/2018,Antonio Toledo Corro,Support
Stormi,Newlands,7/6/2018,1/28/2019,Fanhu,Research and Development
Kristal,Rydeard,5/12/2019,10/5/2018,Loučná nad Desnou,Sales
Rustie,Beisley,10/20/2018,4/6/2019,Agdzhabedy,Support
Michail,Brinkworth,10/15/2018,11/17/2018,Wanmao,Training
Alisander,Mattessen,6/10/2019,8/14/2018,Río de Jesús,Business Development
Brigida,Benning,3/7/2019,11/14/2018,Chortkiv,Human Resources
Manuel,Buesden,5/31/2019,7/14/2018,Taishan,Research and Development
Tony,Renn,6/4/2019,1/11/2019,Bagou,Marketing
Susan,Rudham,4/26/2019,10/4/2018,Saint-Bruno-de-Guigues,Business Development
Beverlee,Brame,11/2/2018,12/19/2018,Jedlnia-Letnisko,Accounting
Sol,Lennie,2/27/2019,8/26/2018,Trelleborg,Sales
Drusi,Barnewall,9/13/2018,8/11/2018,Bujaków,Human Resources
Reynold,Derrett,2/16/2019,10/22/2018,Usukhchay,Services
Gradeigh,Nowick,7/27/2018,1/1/2019,Wutumeiren,Product Management
Cord,Cussins,1/18/2019,1/26/2019,Sudzha,Product Management
Veriee,Shrubshall,10/9/2018,5/11/2019,Yelwa,Training
Barnard,Goldstone,4/10/2019,9/7/2018,Yilkiqi,Research and Development
Miof mela,Philcott,5/22/2019,11/22/2018,Markova,Engineering
Terrie,Orpyne,6/19/2019,7/22/2018,Emiliano Zapata,Sales
Joni,Guyet,7/13/2018,1/14/2019,Gŭlŭbovo,Research and Development
Geraldine,Queyeiro,7/23/2018,3/10/2019,La Falda,Product Management
Michele,Donaher,4/11/2019,6/22/2018,Saḩab,Human Resources
Hinze,Moulster,5/27/2019,12/7/2018,Paôy Pêt,Training
Packston,Dumbrell,1/25/2019,8/31/2018,La Gacilly,Accounting
Constancy,Foottit,9/10/2018,7/24/2018,Buin,Sales
Aloin,Downs,2/12/2019,5/24/2019,Verkhniy Yasenov,Legal
Pat,Nisuis,9/24/2018,9/1/2018,Tagdanua,Sales
Olav,Witcombe,11/17/2018,2/21/2019,Chechen-Aul,Research and Development
Emmalyn,Scurrah,10/28/2018,7/4/2018,Salento,Product Management
Rudolf,Kenelin,4/15/2019,8/25/2018,La Cruz,Accounting
Haskell,Dearing,5/30/2019,9/28/2018,Dohār,Support
Christal,Cockrem,10/1/2018,8/17/2018,Tripoli,Training
Cheryl,Skirving,6/21/2018,5/18/2019,Panacan,Services
Pryce,Lafford,4/27/2019,6/13/2019,Jetis,Training
Fabe,Gloucester,9/17/2018,4/7/2019,Wilkowice,Engineering
Paulina,Tryme,9/5/2018,11/6/2018,Volosovo,Legal
Coralie,Wilsey,1/18/2019,10/11/2018,Dongtuan,Legal
Jillana,Birch,4/14/2019,1/5/2019,Pinheiral,Accounting
Jackquelin,Ruste,11/19/2018,1/29/2019,San Miguel,Human Resources
Cody,Bedinn,5/14/2019,9/11/2018,Kapatagan,Accounting
Engracia,Desouza,10/13/2018,7/2/2018,Ghormach,Research and Development
Veronique,Hubbis,6/16/2019,12/12/2018,Junzhuang,Marketing
Robinson,McCumskay,7/30/2018,7/11/2018,Odzi,Training
Hughie,Stathor,4/21/2019,1/29/2019,Novikovo,Training
Kellia,Broadnicke,6/30/2018,6/2/2019,Sagara,Legal
Zak,Coleridge,10/21/2018,10/17/2018,Grand Rapids,Research and Development
Reynolds,Vescovo,6/30/2018,5/3/2019,Bojonegoro,Human Resources
Carri,Freschini,12/6/2018,8/5/2018,Socorro,Support
Maurita,Bischop,6/19/2019,10/16/2018,Nguigmi,Accounting
Debee,Ragless,10/21/2018,9/1/2018,Kaem,Accounting
Katherine,Gusticke,7/15/2018,11/22/2018,Tékane,Research and Development
Roderich,Hender,11/19/2018,8/8/2018,Vysotskoye,Sales
Jeremiah,Tebbet,11/6/2018,9/9/2018,Trelleborg,Product Management
Jozef,Heinssen,5/1/2019,2/13/2019,Wonosari,Support
Merrie,Brunone,8/1/2018,5/15/2019,Alexandria,Engineering
Sarette,Jovicevic,1/23/2019,7/15/2018,A dos Cunhados,Human Resources
Neill,Boots,9/6/2018,3/27/2019,Mgandu,Support
Lemmie,Pett,4/6/2019,6/30/2018,Balucuc,Training
Bennie,Kynoch,10/24/2018,8/26/2018,Sizhou,Human Resources
Jarred,Balthasar,11/12/2018,2/2/2019,Helsingborg,Research and Development
Damiano,Sisse,11/9/2018,1/27/2019,Labuhankananga,Services
Dedra,Greenmon,9/30/2018,10/31/2018,Gonghe,Services
Noble,Scherer,1/31/2019,2/21/2019,Tríkala,Marketing
Idaline,Goodered,10/21/2018,11/6/2018,Jieshui,Legal
Adiana,Kitcher,6/19/2019,2/17/2019,Huruta,Research and Development
Sherline,Lere,1/1/2019,5/2/2019,Setro,Training
Vern,Semens,10/9/2018,8/21/2018,Tangkil,Marketing
Vin,Ronnay,7/25/2018,2/9/2019,Resistencia,Business Development
Lucina,Mertel,5/14/2019,12/7/2018,Hagerstown,Engineering
Aila,Houson,3/22/2019,8/30/2018,Oepula,Accounting
Ripley,Flahive,3/24/2019,3/3/2019,Jieshou,Services
Erin,Mazey,6/30/2018,8/23/2018,Sabanalarga,Training
Othella,Clarson,7/6/2018,12/28/2018,Al Bayḑā’,Legal
Dottie,Lucchi,12/30/2018,9/5/2018,Chotepe,Services
Henri,Hamner,10/5/2018,12/4/2018,Strunino,Sales
Donaugh,Marjanski,5/31/2019,1/15/2019,Rafaḩ,Product Management
Judi,Rothermel,10/2/2018,5/16/2019,Ash Shuyūkh,Product Management
Rickey,Stening,11/18/2018,6/26/2018,Pärnu,Accounting
Buck,Rothschild,4/20/2019,7/23/2018,Bato,Support
Reinold,Springham,7/25/2018,1/24/2019,Panitian,Research and Development
Herculie,Bernaldez,10/11/2018,11/11/2018,Wanbu,Legal
Sandi,Baildon,5/26/2019,4/19/2019,Shamakhi,Sales
Leslie,Blucher,11/11/2018,10/2/2018,Huitong,Research and Development
Grant,Lauthian,6/22/2018,12/18/2018,Kara Suu,Sales
Alverta,Iveson,5/9/2019,6/17/2019,Bassar,Accounting
Sadella,O'Dyvoie,12/22/2018,12/12/2018,Lingbeizhou,Engineering
Lyndsey,Quare,8/28/2018,4/14/2019,Nantes,Accounting
Margi,Rickeard,1/17/2019,10/28/2018,Melville,Legal
Heloise,Anton,5/20/2019,9/5/2018,Vitrolles,Legal
Cass,Dowden,11/8/2018,6/18/2019,Cibeureum,Marketing
Cris,Tarling,7/17/2018,12/15/2018,San Antonio,Support
Adeline,Pikett,6/6/2019,2/11/2019,Pangian,Legal
Gertrud,Dunkerk,10/18/2018,9/30/2018,San Cristóbal,Services
Ludovico,Labuschagne,2/28/2019,6/27/2018,Yonago,Legal
Magnum,Berth,1/25/2019,9/10/2018,Mansilingan,Research and Development
Babb,Lody,4/7/2019,2/4/2019,Pilpichaca,Support
Alva,Torresi,5/6/2019,8/18/2018,Bunog,Services
Hunter,Lates,3/16/2019,1/12/2019,Horta,Accounting
Henry,Schoroder,5/27/2019,1/6/2019,Xiuyu,Training
Hally,Triggel,9/12/2018,8/27/2018,Luuka Town,Accounting
Ronna,McGettrick,4/29/2019,9/1/2018,Yangjinzhuang,Business Development
Winston,Matyushenko,5/19/2019,5/24/2019,Cipicung,Research and Development
Wiatt,Liversage,3/8/2019,2/15/2019,Sukumo,Research and Development
Jeffry,Marcham,9/20/2018,4/11/2019,Aqsay,Business Development
Sibelle,Butter,9/17/2018,6/7/2019,Sangtian,Marketing
Lulu,Kirsop,5/5/2019,7/19/2018,København,Training
Gretal,Leftwich,6/9/2019,7/22/2018,Stylída,Services
Zena,Burgis,12/30/2018,5/5/2019,Bayt al ‘Awābī,Accounting
Rikki,Dalziell,9/28/2018,9/5/2018,Ōzu,Accounting
Marena,Bellino,1/22/2019,6/7/2019,Panognawan,Legal
Nil,Metson,5/13/2019,2/1/2019,Severoural’sk,Services
Ardyce,Symcox,2/4/2019,10/25/2018,Curahpacul Satu,Engineering
Korie,Kwietek,3/1/2019,9/9/2018,Dongchuan,Services
Farrell,Trodden,11/18/2018,5/9/2019,Angono,Engineering
Micaela,Calan,5/5/2019,3/24/2019,Dongxi,Training
Gayle,Belford,8/18/2018,2/2/2019,São Luís de Montes Belos,Legal
Melony,Pulbrook,4/20/2019,11/9/2018,Siwa Oasis,Marketing
Antone,Farahar,3/25/2019,11/16/2018,Nevers,Services
Edouard,Hamman,10/5/2018,12/30/2018,Ratchaburi,Marketing
Lucia,Lippi,3/27/2019,12/7/2018,Shagang,Support
Caro,Whillock,12/2/2018,3/2/2019,Palaihari,Engineering
Alf,Iashvili,2/25/2019,1/28/2019,Tsurib,Training
Olivie,Bagby,7/6/2018,10/1/2018,Hicksville,Business Development
Ase,Younger,3/7/2019,2/26/2019,Beaumont,Marketing
Rafi,Darnody,7/6/2018,5/25/2019,Dawan,Business Development
Tate,Eskrigg,5/7/2019,9/18/2018,Los Tangos,Marketing
Dimitry,Bielefeld,12/1/2018,8/15/2018,Wuci,Engineering
Blaine,Bettison,1/13/2019,5/16/2019,Cataguases,Legal
Dix,Spenclay,3/25/2019,7/20/2018,Corvite,Marketing
Blakeley,Benny,5/13/2019,4/11/2019,Huangmei,Engineering
Ginevra,Considine,1/14/2019,4/21/2019,Hats’avan,Services
Teena,Haylands,3/24/2019,8/19/2018,Ar Ramthā,Business Development
Clay,Cicero,11/11/2018,12/12/2018,La Tola,Human Resources
Honey,Covington,4/21/2019,8/27/2018,Tamuning-Tumon-Harmon Village,Human Resources
Bevvy,Splaven,4/8/2019,12/20/2018,Catalina,Services
Giraldo,Franzman,8/16/2018,12/26/2018,Tessaoua,Sales
Duffie,Selliman,3/20/2019,3/28/2019,Manggu,Business Development
Amabel,McKendo,8/25/2018,10/11/2018,Macedo de Cavaleiros,Human Resources
Gualterio,Aristide,8/29/2018,10/13/2018,El Limon,Product Management
Frasquito,Manclark,3/18/2019,3/24/2019,Sibaté,Training
Dionisio,Sach,2/16/2019,6/28/2018,Chlumec,Business Development
Harlen,Shotbolt,11/17/2018,11/5/2018,Waajid,Engineering
Kenton,Stuttard,4/29/2019,5/4/2019,Laprida,Legal
Brook,Illingworth,9/25/2018,10/8/2018,Jinqu,Services
Pammi,Cumine,5/15/2019,2/13/2019,Az Zintān,Support
Veda,Heggison,10/25/2018,1/5/2019,Río Gallegos,Services
Newton,Gudde,2/9/2019,8/25/2018,Masparrito,Sales
Drake,Caselick,8/3/2018,3/14/2019,Chok Chai,Engineering
Christan,Passman,6/9/2019,11/19/2018,Xiatang,Business Development
Sig,De Francisci,4/11/2019,7/14/2018,Aku,Business Development
Annissa,Undy,9/23/2018,11/13/2018,Panjiawan,Human Resources
Ralph,Correa,7/22/2018,1/14/2019,Lopandino,Training
Therese,Baxster,3/10/2019,5/16/2019,Lewolen,Research and Development
Whitby,Gamlin,9/11/2018,11/20/2018,Pan-an,Sales
Stormie,Ord,11/17/2018,10/16/2018,Quán Hàu,Sales
Eirena,Lathan,9/12/2018,4/17/2019,Sandweiler,Training
Creighton,Gowler,7/29/2018,4/14/2019,Phôngsali,Business Development
Charlene,Philp,5/27/2019,1/30/2019,Citalahab,Sales
Abbe,Stileman,9/5/2018,8/14/2018,Arcueil,Sales
Ben,Degoe,6/16/2019,8/27/2018,Itaperuçu,Business Development
Delmar,Fritchley,11/1/2018,3/9/2019,Taourirt,Sales
Elga,Martinovsky,9/12/2018,5/4/2019,Modis,Services
Lindsy,Roberti,4/3/2019,5/2/2019,Ravne,Legal
Joleen,Reide,4/18/2019,7/6/2018,Itinga,Research and Development
Amargo,Elwill,10/19/2018,11/21/2018,Dongshan,Marketing
Alon,Habershon,3/10/2019,6/15/2019,Ngurore,Engineering
Sophi,Verden,7/30/2018,7/8/2018,Gradec,Support
Clarette,Candlin,7/17/2018,4/20/2019,Yangiyŭl,Sales
Jenda,Faier,1/23/2019,11/21/2018,Huxiaoqiao,Sales
Gerick,McCabe,10/19/2018,3/12/2019,Yabluniv,Services
Rich,Capstake,6/5/2019,4/1/2019,Karangturi,Legal
Ambrosius,Spence,4/16/2019,6/8/2019,Magbay,Engineering
Valaree,Enriquez,5/24/2019,11/27/2018,Si Wilai,Engineering
Millie,Lardiner,11/25/2018,12/21/2018,Norzagaray,Product Management
Arden,Radsdale,6/2/2019,7/29/2018,Xueshan,Accounting
Ludovika,Tungay,10/22/2018,8/1/2018,Qiagai,Sales
Callida,Surtees,12/12/2018,12/26/2018,Villa del Rosario,Legal
Corinna,Bradbury,11/19/2018,2/3/2019,Kalidawe,Support
Osbourne,Mcasparan,3/27/2019,6/22/2018,Suchen,Marketing
Mildred,Divill,11/20/2018,1/14/2019,Tando Muhammad Khān,Services
Hayes,Tancock,9/21/2018,1/1/2019,Kalipare,Human Resources
Cecilius,Jeandot,8/6/2018,1/25/2019,Na Klang,Research and Development
Carree,Marty,9/5/2018,6/17/2019,Maria Cristina,Support
Casie,Glasspool,9/29/2018,4/3/2019,Youzai,Accounting
Yanaton,Bedward,4/7/2019,1/8/2019,Norton,Accounting
Sharia,Orbon,8/24/2018,7/17/2018,Jiangqiao,Accounting
Junina,Dmitrichenko,2/5/2019,5/18/2019,Chayuan,Human Resources
Estele,Meadmore,2/2/2019,6/20/2019,Balatun,Support
Joaquin,MacGillivrie,6/17/2019,10/16/2018,Thạnh Mỹ,Sales
Lodovico,MacMaykin,7/11/2018,5/8/2019,Nové Sedlo,Human Resources
Garry,Goby,2/21/2019,6/2/2019,Nisí,Engineering
Kassey,Duigan,9/6/2018,11/27/2018,Villa Francisca,Product Management
Jonas,Powton,5/17/2019,2/11/2019,Achanizo,Training
Silvanus,Reubens,9/24/2018,4/6/2019,Büzmeýin,Engineering
Jocelyn,Manon,3/27/2019,11/4/2018,Parang,Business Development
Sada,Turbern,4/15/2019,7/3/2018,Jāwā,Accounting
Chickie,Skeffington,1/8/2019,11/10/2018,Limbi,Services
Way,Swenson,6/2/2019,7/19/2018,Sadabumi,Human Resources
Kriste,Deveraux,12/18/2018,12/7/2018,Karangharjo,Product Management
Nancy,Gossipin,6/10/2019,5/17/2019,Phnom Penh,Support
Ced,Kohnen,2/20/2019,9/9/2018,Daxing,Research and Development
Geraldine,Winckles,6/8/2019,5/10/2019,Sérvia,Sales
Ann,Parfrey,8/31/2018,7/29/2018,Dungarvan,Support
Darda,Dobrowolny,7/24/2018,1/21/2019,Verkhnevilyuysk,Legal
Kariotta,Skrzynski,1/5/2019,3/3/2019,Castelo de Vide,Research and Development
Alverta,Gerriets,8/22/2018,12/21/2018,Velikiy Ustyug,Training
Johnath,Pettet,6/7/2019,7/4/2018,Denver,Services
Tadeas,Boxell,9/7/2018,5/16/2019,Magersari,Product Management
Zorine,Willson,11/29/2018,3/11/2019,Abu Dhabi,Sales
Lorne,Vanner,12/30/2018,10/23/2018,Dukuhpicung,Marketing
Alvinia,Burnsyde,11/21/2018,3/29/2019,Reggio Calabria,Services
Madlen,Nickless,7/26/2018,2/15/2019,Sang-e Chārak,Human Resources
Ly,Weld,4/30/2019,8/19/2018,Limulan,Services
Bennie,Wagenen,12/16/2018,4/21/2019,Santo Amaro,Training
Ruttger,Chave,8/29/2018,2/24/2019,Changling,Research and Development
Emmalynn,Dessaur,9/28/2018,8/5/2018,Praia da Tocha,Sales
Clemente,Eslie,9/14/2018,4/28/2019,Všetaty,Human Resources
Guglielmo,Bannard,9/29/2018,2/18/2019,Mosina,Training
Janis,Pocknoll,7/23/2018,8/6/2018,Banjar Banyuning Barat,Product Management
Harland,Petegree,3/31/2019,12/14/2018,Jiangshan,Training
Elden,Langland,8/11/2018,5/27/2019,Simpanganduwet,Sales
Deeyn,Jovicevic,12/2/2018,12/26/2018,Laojunpo,Services
Karisa,Mamwell,7/26/2018,9/20/2018,Mayuge,Services
Sisely,Hapgood,5/25/2019,4/25/2019,Além,Product Management
Josselyn,Fealy,3/9/2019,2/15/2019,Sydney,Training
Neda,Smalridge,12/3/2018,11/17/2018,Newbiggin,Marketing
Gratia,Muckleston,11/14/2018,1/23/2019,Qaţanah,Accounting
Aila,Petrusch,1/31/2019,9/2/2018,Jutrosin,Training
Kennan,McQuaid,10/22/2018,9/11/2018,Pelileo,Engineering
Ara,Swigger,10/17/2018,3/27/2019,São Domingos de Rana,Human Resources
Linnea,Shortt,12/9/2018,2/16/2019,Changning,Engineering
Allyson,Custed,5/1/2019,12/29/2018,Silae,Support
Wilfrid,Iacopo,11/12/2018,11/23/2018,Fengmen,Training
