first_name,last_name,Date_of_Birth,Start_Date,Home Town,Department
Gavra,Banasevich,27/8/1993,4/9/2013,Pulosari,Marketing
Cathy,Briddle,28/6/1986,9/4/2016,Klatakan,Legal
Dougie,Grouen,9/6/1989,17/8/2016,Vršac,Legal
Luella,Pellew,15/1/1983,14/12/2017,El Rancho,Services
Edouard,Allan,25/12/1987,4/5/2014,Mangaran,Legal
Sophie,Hazard,14/9/1985,11/2/2016,Brudzew,Training
Del,Renvoise,11/2/1980,17/11/2017,Templeogue,Sales
Brittany,MacHoste,5/10/1974,25/11/2012,Bylym,Engineering
Heinrik,Shoveller,13/6/1985,22/1/2014,San Diego,Support
Nevin,Kitley,8/11/1976,11/6/2012,Jiakexi,Training
Artemis,Grinston,5/1/1972,14/1/2018,Talun,Sales
Thor,Gornall,19/7/1978,15/1/2012,Oslo,Legal
Jesselyn,Spindler,18/1/1973,30/8/2013,Huichang,Marketing
Kynthia,Donnel,15/11/1973,2/8/2012,Tolú,Product Management
Ansel,Groombridge,28/9/1992,15/12/2018,Văn Giang,Sales
Debbie,Aiton,9/7/1981,2/5/2016,Dancheng,Training
Katalin,Seaman,27/1/1997,17/5/2018,Al Ibrāhīmīyah,Legal
Romola,Maynard,25/9/1986,24/1/2019,Karakol,Support
Gerald,Rollings,16/12/1989,14/11/2013,Eldoret,Support
Flinn,Ffrench,27/1/1981,14/10/2015,Maronge,Human Resources
Karil,Grossier,11/1/1991,10/7/2014,Punākha,Training
Vivyanne,Cunnow,29/10/1993,15/3/2015,Aldeia,Legal
Danice,Allsup,22/5/1977,6/11/2017,Navashino,Research and Development
Ellen,Pethick,9/3/1982,16/8/2014,Cidahu,Marketing
Bobbie,Fruchon,6/9/1987,6/11/2017,Tianxin,Accounting
Lombard,Abbet,8/7/1971,4/8/2017,Kašperské Hory,Marketing
Hi,Tipling,7/11/1984,25/10/2016,Bahāwalpur,Accounting
Meggy,Moine,4/4/1996,4/10/2015,Beira,Legal
Chas,Kruschev,11/9/1987,18/1/2018,Guangfu,Business Development
Shirline,Hanna,10/8/1983,22/5/2015,Créteil,Product Management
Kellia,Ackers,26/4/1986,21/1/2015,Gudong,Human Resources
Agna,O'Loghlen,7/11/1986,26/1/2012,Las Yaras,Business Development
Barri,Filan,3/2/1979,17/3/2013,Kabongan Kidul,Business Development
Birch,Creeghan,15/4/1996,2/12/2012,Saramech,Accounting
Gun,Bassom,1/4/1981,23/10/2013,Srpska Crnja,Sales
Agatha,Cronk,4/11/1994,8/2/2012,Jifarong,Sales
Betsy,Letty,10/12/1974,26/1/2013,Shuanggang,Sales
Trace,Nelane,5/1/1976,13/1/2018,Areguá,Research and Development
Thorstein,Upchurch,13/4/1971,7/7/2016,Nicasio,Accounting
Dionne,Roglieri,19/10/1996,29/12/2012,Nanjin,Marketing
Dosi,Madill,16/1/1988,13/10/2015,Liangcunchang,Research and Development
Tiffani,Verney,24/7/1979,8/1/2017,Thymianá,Human Resources
Emogene,Ambrosi,21/6/1991,19/4/2018,San Antonio,Training
Debbie,Lohrensen,18/9/1996,14/8/2016,Pervomaysk,Business Development
Harwilll,MacPake,9/11/1995,17/12/2015,Sauri,Business Development
Chastity,Hateley,4/10/1980,13/10/2016,Waihai,Services
Kaine,Yorston,30/9/1983,4/3/2015,Riđica,Marketing
Jarrod,Tyson,4/6/1979,12/8/2017,Jiesheng,Accounting
Shanon,Yven,13/7/1994,11/10/2012,Lagangilang,Product Management
Mathilde,Worg,15/1/1977,3/6/2014,Lüderitz,Business Development
Justinn,Ladbrooke,1/2/1970,28/12/2018,Lakateng,Support
Pattie,Giovanetti,1/10/1970,16/8/2014,Kambatatamakawu,Engineering
Nedda,Jakubovicz,21/9/1974,3/4/2017,Kyaka,Research and Development
Reidar,Poore,6/10/1973,18/4/2019,Tiehe,Research and Development
Rockwell,Clarey,12/1/1986,21/12/2012,Chaoshui,Marketing
Mortimer,Mazella,13/2/1974,30/1/2013,Outeiro,Sales
Felice,Banes,20/5/1976,12/1/2013,Huangnan,Services
Constance,Rome,25/9/1990,5/3/2012,Dolulolong,Accounting
Kris,Huggan,18/12/1982,2/4/2018,Jūrat ash Sham‘ah,Research and Development
Rodolph,Velde,17/6/1991,15/1/2016,Gusong,Human Resources
Ronni,Butterick,21/3/1995,2/8/2017,Voskhod,Legal
Waldo,Colley,18/4/1976,12/1/2014,Maracaçumé,Business Development
Moria,Kinneir,21/8/1974,13/8/2018,Shihuajian,Sales
Alvie,Arnholtz,19/5/1991,8/7/2018,Luodong,Training
Sascha,Woolway,24/1/1993,9/5/2014,Lianrao,Support
Leigha,Campa,28/4/1975,27/9/2018,Maddela,Marketing
Cynthie,Paxeford,8/3/1987,2/12/2013,Vale da Pedra,Engineering
Essie,Doudney,17/2/1995,4/8/2016,Kamaris,Training
Nicolea,Aronin,15/2/2000,4/11/2018,Chaparral,Support
Dallas,Batie,11/4/1981,27/11/2017,Crespo,Engineering
Andris,Jennions,10/12/1974,15/5/2013,El Mirador,Engineering
Vikky,Lambshine,2/11/1998,28/4/2016,Zhulan,Training
Egbert,Dyett,3/1/1997,3/5/2016,Tashtagol,Legal
Bobbee,De Santos,10/4/1991,4/11/2018,Vukatanë,Research and Development
Jeremy,Songhurst,26/10/1999,8/2/2015,Vale,Support
Beauregard,Heugle,2/12/1975,28/7/2014,Forécariah,Training
Lian,Canedo,25/4/1970,4/7/2015,Santa Maria,Human Resources
Drucy,Gamwell,12/5/1988,17/2/2014,Changgai,Research and Development
Virginia,Chaucer,1/8/1980,25/11/2014,Priekulė,Human Resources
Catherin,Rumbold,13/11/1990,6/6/2019,Suchedniów,Sales
Perkin,Double,21/1/1985,10/1/2017,Coro,Product Management
Sayre,Sill,22/4/1988,24/7/2017,Tsaratanana,Business Development
Tucky,Starbeck,6/3/1994,5/6/2016,Sartrouville,Legal
Myrna,Davidov,26/12/1998,24/6/2012,Ribeirão,Human Resources
Venus,Reignould,19/12/1977,1/8/2018,Kotingnatagete,Training
Cordelia,Curuclis,16/6/1986,2/8/2014,Muladbucad,Support
Gaspar,Faithfull,13/5/1995,18/12/2015,Shifan,Accounting
Tad,MacConnel,2/4/1993,16/5/2013,Georgetown,Services
Ryun,Pantone,8/6/1973,21/9/2017,Yongchang,Business Development
Maritsa,Ferreres,28/6/1993,26/3/2019,Omaha,Services
Jaime,O' Kelleher,29/5/1981,8/3/2015,Sedan,Business Development
Yancy,Richings,2/3/1982,24/7/2017,Kudang,Human Resources
Teena,Daintry,9/11/1987,5/9/2012,Vitoria-Gasteiz,Legal
Carolynn,Haw,31/5/1978,13/12/2018,Cova da Iria,Support
Vanessa,Daveran,7/12/1995,1/3/2016,Cawayan,Sales
Iorgos,Deek,5/7/1987,21/3/2014,Žagarė,Sales
Mozelle,Dundridge,7/10/1981,13/11/2013,Gamping Lor,Services
Corissa,Allardyce,15/6/1985,10/7/2015,Tekeli,Support
Philomena,Foreman,19/1/1999,31/1/2019,Erfangping,Accounting
Jacquetta,Ketteridge,1/3/1987,9/5/2019,Tiantang,Legal
Alain,Oddy,14/1/1979,27/1/2014,Aroroy,Legal
Moreen,Brislawn,27/8/1972,25/4/2015,Huangcun,Business Development
Bastien,Unger,26/1/1972,7/1/2012,Afogados da Ingazeira,Training
Dennis,Andrzej,25/2/1981,13/11/2014,Slantsy,Business Development
Dinah,Cainey,19/11/1998,27/1/2016,Haveli,Sales
Lawrence,Ottley,23/1/1972,29/12/2012,Concepción de la Barranca,Accounting
Bernhard,Lake,11/2/1974,21/10/2017,Seboruco,Marketing
Chrystal,Jannaway,11/8/1993,25/6/2017,Sucre,Engineering
Teresita,Murcutt,3/8/1993,12/1/2012,Buritis,Support
Cyrille,Sanson,20/5/1982,22/11/2014,Villa Bisonó,Accounting
Arney,Gianullo,25/11/1970,2/9/2015,Kalnibolotskaya,Training
Vanna,Higgan,9/1/1985,26/3/2015,Jintan,Accounting
Dud,Denman,5/4/1989,3/7/2018,Pervomaysk,Research and Development
Godfry,New,12/11/1986,20/10/2017,Göteborg,Training
Cornall,Scurry,18/12/1999,16/11/2016,Joubb Jannîne,Research and Development
Martin,Brundle,2/7/1985,28/6/2013,Memphis,Product Management
Maryanne,Keenlyside,16/11/1975,31/8/2012,Kvasice,Business Development
Roma,Angerstein,8/11/1999,1/2/2018,Wangcheng,Training
Bonny,Colomb,22/7/1998,27/7/2017,Šilheřovice,Engineering
Tymon,Mendel,28/5/1981,5/1/2019,Gaopi,Accounting
Alfy,Schaben,26/5/1970,17/6/2012,Portela,Support
Zola,Breazeall,10/4/1982,11/7/2012,Kota Kinabalu,Training
Mommy,Ciobutaro,4/1/1973,13/5/2016,Non Sang,Business Development
Caye,Stonary,8/1/1975,29/6/2012,Ochobo,Services
Marcel,Fick,30/12/1989,29/12/2017,Gaopu,Accounting
Avis,Eastcott,25/4/1972,28/4/2013,Varberg,Sales
Essa,Darton,23/2/1987,29/8/2014,Binangun,Research and Development
Marley,Grishkov,11/12/1992,13/10/2015,Coxim,Services
Julio,Sangar,29/7/1976,22/8/2013,Dashkawka,Services
Arabella,Kalkofer,24/6/1983,14/6/2013,Aţ Ţafīlah,Business Development
Beryle,Ketchen,31/5/1988,4/2/2014,Neepawa,Accounting
Madalena,Whiteside,4/4/1982,1/1/2013,Aygek,Business Development
Cherie,Hallowell,25/9/1984,2/6/2015,Cumedak,Research and Development
Ralina,Danbury,26/12/1970,4/10/2013,Dunkerque,Engineering
Agnella,Stammler,20/3/1992,21/11/2017,Mattaldi,Engineering
Collette,Clines,2/7/1997,14/3/2018,Suishan,Legal
Eleanore,Frankel,22/1/1982,25/7/2015,Studenec,Training
Indira,Elizabeth,15/1/1985,7/11/2018,Lamotrek,Support
Ondrea,Lemm,1/5/1981,23/2/2013,Abengourou,Product Management
Walther,Mellsop,18/4/1993,11/11/2012,Subulussalam,Services
Moss,Richarz,10/11/1999,30/3/2016,Pilzno,Engineering
Emilia,Midghall,7/12/1982,28/8/2016,Emmeloord,Support
Borg,Yarwood,23/9/1982,4/9/2012,Inđija,Services
Karlik,Grigolli,31/12/1971,27/9/2014,Karlstad,Engineering
Iolanthe,Janko,26/6/1981,8/1/2017,Chafé,Services
Kettie,Durbyn,20/4/1995,22/3/2012,Bajiao,Business Development
Jorrie,Stevani,16/5/1970,23/7/2012,Nangang,Training
Betty,Room,4/2/1979,7/5/2012,Ishëm,Legal
Eddie,Shevlin,16/7/1994,3/7/2015,Al Abyār,Training
Marilyn,Tayloe,26/12/1986,25/1/2012,Mancha Khiri,Research and Development
Nolie,Carnock,1/5/1980,25/12/2014,Mino,Support
Englebert,Schowenburg,7/7/1983,21/5/2012,San Eugenio,Accounting
Brew,Okeshott,10/6/1973,24/5/2019,Fengmu,Research and Development
Emili,Jewiss,17/10/1984,4/1/2013,Pushchino,Sales
Arabel,Wadwell,20/1/1993,17/12/2016,Ciranca Satu,Accounting
Erhard,Kemp,27/10/1984,14/3/2018,Taurija,Research and Development
Stephana,Laughton,27/5/1987,18/1/2016,Saint-Ouen,Legal
Clayton,MacNab,3/1/1988,24/9/2012,Zhangting,Legal
Benedikta,Pedden,25/11/1972,15/3/2013,Patiya,Services
Violet,Ickeringill,25/1/1978,16/5/2013,Sangat,Product Management
Allayne,Noyce,12/9/1978,9/8/2017,Kembang,Sales
Deborah,McMichell,20/10/1980,9/6/2015,Wschowa,Support
Marie-ann,Kristoffersson,15/9/1978,30/12/2012,Gavarr,Sales
Graehme,Dever,6/5/1997,14/4/2018,Trafaria,Engineering
Roseann,Eisikovitsh,18/1/1985,17/11/2015,Pakong,Engineering
Mahala,Kerford,15/8/1996,2/5/2015,Ostrowite,Business Development
Nady,Hellin,1/9/1979,13/3/2014,Beibao,Marketing
Cora,Godar,29/7/1991,30/10/2018,Zhengcun,Legal
Pier,Davidove,3/3/1991,29/4/2017,Przystajń,Product Management
Corrine,McCray,25/5/1994,25/4/2018,Palopat,Accounting
Melva,Tethacot,20/10/1983,23/12/2017,Dassa-Zoumé,Support
Gae,Stivens,25/5/1997,20/9/2018,Fatufeto,Legal
Stillman,Trodden,4/4/1983,5/7/2015,Fangfan,Support
Rocky,Hambric,7/7/1993,23/11/2018,Sokoto,Engineering
Koressa,Jewiss,17/7/1973,1/11/2016,Formosa,Human Resources
Dionis,Proctor,9/5/1976,31/12/2018,Dunkerque,Product Management
Frederico,Danaher,31/10/1975,9/9/2012,Rekovac,Research and Development
Sunshine,Mallam,30/12/1994,29/3/2014,Pakuwon,Research and Development
Leisha,Geer,13/7/1996,15/12/2012,Ruihong,Human Resources
Baldwin,Guidelli,29/3/1986,18/1/2014,Changbu,Legal
Marven,Sollner,27/3/1997,18/3/2015,Kasulu,Services
Rabbi,Raleston,10/6/1972,23/8/2014,Xiamao,Services
Moira,Yitzhak,8/9/1997,7/7/2018,Nguru,Training
Fania,Winslett,22/2/1980,14/8/2014,East Migpulao,Services
Fidelity,Maiden,31/5/1984,20/6/2014,Kobe,Human Resources
Godfree,Ellwood,2/7/1974,7/7/2014,San Felipe Old,Legal
Malachi,Stockman,16/1/1993,21/5/2015,Selínia,Training
Kessia,Dugall,17/5/1989,12/8/2015,Dongyong,Legal
Wilburt,Bloxam,27/11/1996,12/1/2013,Petropavlovsk,Legal
Daphene,Cheshir,20/8/1985,27/12/2016,Säffle,Human Resources
Caddric,Etherson,17/1/1972,5/1/2017,Stockholm,Marketing
Adriana,Gardener,14/10/1980,19/4/2013,Kuching,Engineering
Claudetta,Langdon,8/9/1976,26/8/2017,Pasirlaja,Engineering
Kaye,Tomovic,28/8/1996,27/1/2019,Mahendranagar,Marketing
Camala,Eaglen,15/2/1984,6/3/2014,Bełsznica,Research and Development
Ellissa,Gaze,10/7/1978,14/3/2013,Karlstad,Legal
Christophe,Gainseford,21/12/1972,17/2/2016,Kota Bharu,Product Management
Ashla,Betham,15/4/1996,21/2/2019,Las Americas,Services
Toddie,Trenfield,19/8/1998,1/6/2017,Duzhenwan,Engineering
Yvonne,Cuberley,28/10/1998,27/3/2015,Krasnaya Gorka,Product Management
Danica,Fransewich,8/12/1979,13/4/2014,Ardirejo,Training
Margaux,Dolby,20/6/1998,30/5/2014,Bristol,Accounting
Udall,Collyear,29/11/1970,31/7/2013,Gaigeturi,Accounting
Barnebas,Pauler,25/4/1972,3/3/2013,Créteil,Human Resources
Dalia,Rutter,10/6/1975,16/8/2017,Sikur,Product Management
Laird,Merrgen,24/1/1986,4/3/2019,Bebedouro,Human Resources
Madelaine,Oxtaby,22/7/1990,16/9/2016,Yuanhou,Human Resources
Dorolice,Roycroft,23/8/1994,28/3/2015,Pećigrad,Engineering
Devonne,Bratch,21/4/1979,20/9/2017,Paurito,Product Management
Blancha,Cherrie,6/1/1985,31/1/2016,Cikondang,Sales
Tiffanie,Risom,21/10/1987,14/12/2014,Spasskoye-Lutovinovo,Sales
Lottie,Sproat,16/5/1984,18/5/2018,Zharkovskiy,Accounting
Demetria,Dowey,31/7/1986,30/1/2015,Kruisfontein,Training
Clari,Yakebovich,27/5/1972,24/4/2013,Zongzhai,Accounting
Petrina,Filippozzi,30/11/1982,5/8/2015,Laiwu,Marketing
Lenna,Ardron,20/11/1988,5/11/2014,Chenyang,Sales
Field,Kalf,28/4/1999,17/8/2012,Wenfu,Engineering
Phip,York,3/9/1990,28/4/2015,Zemun,Research and Development
Rutter,Ebi,6/11/1972,12/6/2013,Sanqishi,Product Management
Irita,Elsay,4/4/1978,12/1/2012,Girey,Training
Nathanial,Tangye,28/4/1971,30/8/2012,Kabīrwāla,Services
Bear,Vallow,3/4/1999,9/3/2019,Mevo horon,Services
Worthington,Jansema,22/4/1991,25/3/2017,Plužine,Support
Pryce,Vincent,26/6/1981,18/3/2019,Checacupe,Training
Gayel,Gibbetts,27/12/1998,7/8/2014,Grazhdanskoye,Human Resources
Errol,Gerrish,21/7/1993,1/2/2016,Ar Rass,Product Management
Norene,Bogey,3/12/1990,11/3/2019,Santander de Quilichao,Business Development
Dulcine,Cohani,14/11/1983,23/7/2015,Shklo,Marketing
Garland,Biggans,15/4/1987,14/3/2015,Aparecida,Research and Development
Nap,Jedrysik,24/8/1978,16/1/2019,Harbutowice,Business Development
Jeromy,Mosby,9/12/1984,3/5/2014,Kanchanaburi,Accounting
Viviyan,Pickervance,21/9/1977,8/7/2015,Týn nad Vltavou,Support
Stefan,Braxay,15/10/1981,23/5/2015,Goroka,Business Development
Reed,Cruft,24/12/1988,13/3/2016,Jeponkrajan,Human Resources
Berte,Doorey,24/8/1975,28/2/2012,Laspezia,Product Management
Aundrea,Tirrey,29/12/1972,19/10/2014,Ljukovo,Sales
Sidonnie,Dimelow,12/7/1979,14/2/2012,Saint-Denis,Marketing
Daren,Stigers,17/9/1988,19/7/2013,Rasshevatskaya,Marketing
Worth,Knapp,23/10/1980,27/2/2015,Soho,Services
Gillan,Pellington,3/2/1991,9/10/2018,Kamakura,Support
Nicoline,McVaugh,1/12/1982,28/1/2013,Soubré,Legal
Winifield,Chess,24/2/1987,18/3/2015,Nepomuceno,Marketing
Isabelita,Sapp,27/11/1994,2/1/2017,Gaya,Services
Gal,Rixon,24/12/1984,14/4/2012,Juarez,Marketing
Edy,Oselton,10/11/1972,7/3/2016,Jovellar,Training
Lemmie,Redmond,7/6/1972,30/8/2017,Magbay,Services
Jan,Camus,6/5/1981,14/3/2013,Rochester,Product Management
Brigitte,Frankowski,27/1/1981,13/1/2017,Wilmington,Human Resources
Miguel,Ranaghan,21/12/1993,7/6/2012,Bairro do Margaça,Research and Development
Duane,Clemendet,10/2/1978,20/5/2013,Rufino,Support
Elly,Laurenty,21/1/1985,8/7/2012,Matiompong,Sales
Demetre,Leask,6/6/1990,23/3/2013,Reykjanesbær,Marketing
Lauretta,Swaden,22/6/1994,8/9/2012,Sannois,Research and Development
Willa,Pountney,30/4/1980,26/2/2019,Toutai,Accounting
Anatol,Arlott,8/12/1986,27/9/2016,Guarapari,Business Development
Cosetta,Bondesen,23/6/1976,13/11/2014,Amphoe Sikhiu,Business Development
Devin,Degenhardt,16/12/1978,23/6/2016,Wanmao,Training
Curtis,Steed,3/8/1973,26/4/2016,Caper,Business Development
Ruthann,Stavers,12/4/2000,7/3/2013,Kabalen,Marketing
Wheeler,Ankers,29/12/1981,11/8/2014,Saint-Ambroise,Accounting
Cecilio,Sherrington,24/1/1999,14/1/2018,Brest,Business Development
Elisha,Skirvin,10/10/1985,3/10/2014,Créteil,Human Resources
Ethe,Antrim,6/8/1979,18/3/2018,Huangnan,Research and Development
Debor,Sollitt,1/4/1974,4/9/2015,Lages,Business Development
Alla,Aberchirder,23/4/1988,12/12/2016,Cikadu,Engineering
Christoph,Jean,23/12/1999,28/12/2014,Wongsorejo,Support
Orsola,Frill,15/7/1989,29/7/2013,Sājir,Accounting
Maritsa,Tesauro,24/1/1999,27/6/2016,Kisii,Product Management
Ilario,Docwra,21/12/1996,12/2/2017,Hefu,Research and Development
Eldin,Sprigin,24/9/1977,20/2/2018,Nusajaya,Engineering
Brandy,Pleass,6/6/1971,20/10/2016,Erie,Engineering
Corby,Heakey,28/7/1995,29/11/2012,Kano,Marketing
Hercule,Smurthwaite,9/6/1973,4/6/2014,Serra da Silveira,Human Resources
Sara,Cooling,28/12/1981,10/5/2016,Kuanheum,Marketing
Luca,Denty,4/6/1973,26/7/2017,Caijiapu,Accounting
Cheryl,MacParlan,27/7/1995,24/11/2016,Luxi,Training
Ingrim,Janko,28/12/1977,11/12/2012,Huimin,Human Resources
Laurence,Pennell,27/10/1978,3/6/2013,Togur,Services
Dru,Licciardo,5/3/1999,25/5/2012,Columbus,Product Management
Derron,Monelle,16/3/1970,19/1/2016,Hancheng,Sales
Kelsey,Jursch,19/5/1999,3/12/2012,Op,Sales
Ginny,Capelin,5/10/1995,4/2/2016,Vanves,Human Resources
Dasha,Ivanaev,13/1/1985,10/7/2017,Cipanas,Engineering
Tibold,Lay,3/12/1984,9/2/2017,Surazh,Business Development
Thorstein,Murfin,3/12/1978,21/12/2014,Shuanghekou,Research and Development
Hayes,McComas,30/8/1994,24/2/2016,Cacocum,Sales
Erny,Queen,11/12/1978,28/6/2015,Hexi,Sales
Romonda,Flannery,23/8/1996,15/9/2017,Gandara,Research and Development
Aveline,Toner,8/10/1974,2/3/2019,Shishan,Research and Development
Lorraine,Hanrahan,9/8/1975,21/1/2012,As Suwaydā,Product Management
Angelica,Bensen,31/3/1970,23/8/2016,Milot,Services
Druci,Tiner,15/10/1998,13/11/2014,Kéfalos,Research and Development
Blair,Desborough,22/5/1979,20/6/2016,Thanh Khê,Legal
Adorne,Scrivens,17/7/1973,19/12/2013,Quchanghī,Product Management
Zia,Wankel,5/5/1988,14/7/2016,Banjar Pedawa,Accounting
Nanny,Cosgrove,11/12/1980,7/2/2015,Aldeia da Bela Vista,Marketing
Lauryn,Cullinan,18/4/1994,25/2/2019,København,Sales
Clay,Garritley,13/11/1983,25/5/2014,Jhingergācha,Research and Development
Mayer,O' Clovan,13/3/1987,22/10/2017,Kasakh,Business Development
Helsa,Batteson,24/11/1982,24/5/2019,Sulūq,Marketing
Brooks,Demkowicz,8/6/1970,26/9/2018,Baoli,Sales
Aubree,Clutheram,6/6/1972,1/4/2012,Pámfylla,Accounting
Nathalie,Boshere,19/11/1991,14/4/2014,Smętowo Graniczne,Research and Development
Dotti,McCrossan,29/5/1992,16/6/2015,Frankfort,Training
Trixie,Evensden,4/2/1974,8/8/2017,El Cardo,Support
Margarette,Muccino,10/7/1991,1/12/2013,Halimpu,Legal
Charyl,Critcher,2/3/1983,23/1/2014,Tanjung Pandan,Accounting
Sybila,Blannin,2/3/1998,19/10/2013,Poitiers,Research and Development
Evaleen,Baumler,2/7/1981,11/12/2016,Atambua,Engineering
Barny,Saer,6/11/1998,27/9/2012,Podgórzyn,Research and Development
Artemas,Wemes,20/8/1978,15/8/2014,Bahía Blanca,Product Management
Cecilius,Duinbleton,28/12/1976,19/9/2013,Mi’ersi,Services
Kevin,Rawsthorne,7/2/1980,6/3/2018,Jutiapa,Sales
Annecorinne,Steanson,12/1/2000,25/4/2016,Dagda,Business Development
Tim,Nenci,6/3/1991,19/1/2016,Sulengwaseng,Accounting
Ollie,Sisland,24/10/1997,20/4/2016,Luleå,Human Resources
Alexandra,Middlemist,27/4/1991,4/1/2018,Namysłów,Training
Lillis,Mutter,25/12/1991,5/4/2019,Qingyun,Support
Galvan,Gouly,24/5/1999,18/7/2014,Penisihan,Business Development
Crin,Athowe,13/1/1998,18/4/2015,Morales,Training
Lorry,Chevin,21/8/1984,27/2/2014,Xilin,Legal
Gigi,Lebreton,18/2/1981,10/12/2018,Novais,Product Management
Goldie,Stuther,31/7/1987,31/12/2014,Huangbei,Research and Development
Aldous,Legerton,2/8/1990,14/6/2014,Pallasovka,Research and Development
Ferne,Moorton,9/1/1974,24/7/2017,Makiwalo,Legal
Kerry,Thornham,30/6/1993,26/4/2019,Saint-Quentin-en-Yvelines,Product Management
Ainslie,Tomanek,17/9/1972,1/11/2017,Arroyo Naranjo,Sales
Roddy,Grimstead,8/1/1984,7/9/2014,Mekele,Legal
Adolf,Lightwood,12/8/1994,16/5/2018,Casal da Anja,Accounting
Tessy,Jacqueme,25/5/1993,3/10/2012,Düsseldorf,Legal
Tatum,MacPhail,25/7/1984,8/6/2018,Velké Hoštice,Business Development
Marilyn,Ouslem,23/11/1998,28/10/2013,Jialu,Accounting
Allix,Fiske,18/11/1981,25/5/2013,Lushikeng,Legal
Arman,Eddison,15/3/1973,26/5/2014,Susuman,Support
Myrtia,Alvar,31/3/1985,24/3/2013,Calapan,Accounting
Abram,Teece,7/12/1979,19/5/2016,Kraskino,Support
Derby,MacAscaidh,16/12/1979,8/2/2016,Sirdaryo,Product Management
Benoit,Confort,9/6/1974,4/4/2013,Longshi,Sales
Lowell,Chicco,30/7/1971,24/6/2013,Jiangbei,Business Development
Richardo,Andreuzzi,24/3/1972,14/9/2013,Polo,Research and Development
Lars,Haxell,8/8/1979,7/8/2012,Guandu,Accounting
Silvio,Pasticznyk,17/10/1970,4/4/2017,Imishli,Research and Development
Nevin,Crookshanks,23/11/1981,16/3/2016,Silae,Research and Development
Kincaid,Mariette,14/6/1999,24/12/2013,Shigou,Support
Arthur,Sellors,4/7/1989,4/8/2014,Singojuruh,Research and Development
Dee,Ewington,22/2/2000,23/3/2012,Orivesi,Research and Development
Lily,Godbolt,19/5/1998,4/4/2019,Kaeng Khoi,Product Management
Marylin,Zoppie,10/6/1993,26/9/2012,Piru,Legal
Lorelei,Broz,23/5/1992,15/2/2015,Tivat,Business Development
Leia,Ziem,9/3/1976,13/1/2018,Agua Fría,Sales
Quintilla,Allston,3/5/1992,27/3/2012,Täby,Engineering
Jenn,Coughlan,15/9/1986,27/9/2012,Santa Rosa de Copán,Product Management
Bartholemy,Kolakovic,18/8/1976,15/1/2015,San Francisco,Product Management
Melisa,Maddra,1/12/1998,6/3/2014,Arboleda,Research and Development
Theressa,Cowdery,22/11/1979,16/5/2016,Kuznetsovs’k,Business Development
Violet,Horick,7/11/1987,14/3/2019,Kihniö,Product Management
Shalne,Storer,12/11/1999,21/9/2018,Xinan,Business Development
Parke,Armsby,26/11/1985,11/9/2014,Kole,Business Development
Sylvia,O'Mullally,22/9/1997,10/5/2013,Beringinjaya,Sales
Loria,Colville,23/4/1989,21/8/2015,Port-Vila,Engineering
Joice,Derisley,13/5/1971,4/9/2014,Fanzhuang,Human Resources
Annamarie,McSperrin,22/9/1981,17/11/2016,Nieszawa,Accounting
Dredi,De Gouy,15/8/1973,3/5/2014,Xibër-Murrizë,Human Resources
Cyrill,Sainte Paul,19/2/1992,4/6/2012,Sabhā,Legal
Carmelia,Dobbyn,11/7/1982,30/12/2017,Itaqui,Human Resources
Tess,Ramsdale,5/3/1999,28/8/2017,Tagum,Support
Berkly,Edes,31/12/1998,26/6/2014,Beisijiazi,Accounting
Christyna,Sprakes,24/6/1986,20/11/2016,Ciawi,Human Resources
Fredric,Farfolomeev,19/3/1988,7/2/2015,Ōtsuchi,Marketing
Shermy,MacAindreis,9/10/1982,20/4/2012,Young America,Marketing
Delia,Heinsh,23/11/1970,15/4/2017,Nowy Dwór Mazowiecki,Sales
Nancee,Chyuerton,7/2/1998,27/7/2012,Fujinomiya,Engineering
Tan,Gawkroge,16/7/1997,18/10/2013,Västerås,Marketing
Joshia,Harbisher,12/2/1974,16/5/2016,Del Pilar,Business Development
Lavinia,De Carteret,27/12/1995,30/7/2013,Vitali,Services
Talyah,Butson,22/9/1980,7/11/2014,Qīr Moāv,Services
Cesar,Abys,7/5/1990,30/11/2015,Skrzydlna,Marketing
Sascha,Fellnee,10/7/1982,12/1/2016,Nossebro,Human Resources
Jermayne,Montague,2/7/1984,6/6/2015,Nanping,Marketing
Jillane,Bryden,5/9/1970,15/4/2012,Argelia,Research and Development
Bank,Botterill,28/11/1984,3/6/2019,Hualmay,Engineering
Erhart,Martygin,21/6/1971,11/9/2014,Santiago,Marketing
Boycey,Scutt,8/5/1979,19/6/2012,Santa Helena de Goiás,Research and Development
Codi,Joe,20/4/1991,19/8/2014,Balungkopi,Product Management
Ashbey,Curner,19/11/1993,25/10/2017,Mercier,Support
Brook,Goldhawk,27/3/1979,10/4/2019,Bodzanów,Product Management
Douglas,Godart,31/10/1998,2/11/2013,Hajeom,Support
Brewer,Manhood,14/5/1988,12/4/2017,Oni,Support
Catherin,Woolen,27/9/1974,21/11/2015,Stare Kurowo,Research and Development
Cassius,Doulton,13/3/1999,13/6/2013,Skore,Product Management
Lianne,Gratten,21/12/1973,6/9/2017,Angoram,Marketing
Kathrine,Bruckent,27/4/1979,5/5/2017,Jedlnia-Letnisko,Training
Lolly,Yandell,5/9/1981,3/10/2018,Digdig,Business Development
Giffard,Varker,9/1/1999,14/11/2015,Dagou,Human Resources
Piotr,Sansam,31/5/1973,14/7/2014,Qijiawan,Human Resources
Murielle,Lillyman,9/3/1979,1/9/2013,Garoua,Legal
Stace,Doswell,5/4/1988,2/10/2017,Redange-sur-Attert,Marketing
Mathew,Pautard,15/6/2000,16/11/2013,Gunjur,Sales
Kingsly,Fonzone,4/5/1974,17/10/2012,Santa Lucia,Legal
Huntlee,Brimner,22/3/1987,4/7/2013,Renshan,Engineering
Stace,Jeandel,4/3/1999,22/4/2017,Umuahia,Sales
Rudie,Netley,24/4/1981,28/4/2017,Cabeçudos,Human Resources
Avery,Rosnau,2/1/1975,10/10/2012,Guitang,Product Management
Sarajane,MacLoughlin,31/1/1975,1/9/2012,Sambirejo,Human Resources
Rochella,Misken,5/2/1979,6/10/2015,Londiani,Engineering
Ainslie,Dimsdale,12/7/1983,23/2/2013,Pizhma,Support
Doroteya,Mattinson,29/10/1979,24/8/2018,Kipit,Accounting
Glenna,Basilone,30/7/1975,9/9/2018,Shambu,Accounting
Freedman,Janout,24/3/1995,6/5/2013,Muaratiga,Marketing
Arley,Siberry,25/9/1994,15/2/2014,Mayo,Marketing
Colette,Samwyse,27/8/1986,20/4/2017,Watangan,Product Management
Florian,Logsdale,13/5/1981,30/12/2012,Hernando,Accounting
Tabbatha,Coyett,4/2/1989,19/8/2017,Liulin,Marketing
Cristy,Moyce,7/7/1971,21/3/2014,Gununganyartambak Tengah,Legal
Ronnie,Lamport,17/7/1986,31/5/2015,Mirabel,Sales
Leonhard,Bowen,8/1/1986,24/2/2012,Xihuachi,Product Management
Simon,Pedican,4/11/1991,24/2/2014,Santa Eulália,Human Resources
Emili,Recke,20/1/1999,24/9/2017,Esmeraldas,Accounting
Siusan,Towner,25/11/1979,13/6/2012,Letuyi,Product Management
Bruno,Cheese,20/8/1981,19/1/2017,Muskegon,Human Resources
Maximilianus,Casaccia,13/7/1997,8/6/2012,Sarandi,Legal
Heddi,Danahar,23/12/1988,25/10/2017,Yeysk,Sales
Miltie,Farrance,10/5/1996,2/1/2018,Jiashi,Support
Joye,Solloway,21/6/1990,28/2/2014,Malé Svatoňovice,Services
Stan,Powe,15/5/1986,8/12/2015,Sabá,Training
Tobias,Guerrieri,2/7/1990,14/9/2017,Karangpete,Research and Development
Lilyan,O'Corren,14/11/1971,1/1/2019,Qinghaihu,Business Development
Dillie,Dyson,26/8/1993,18/5/2016,Sandefjord,Support
Kass,Tuttle,27/4/1997,13/5/2016,Marcq-en-Barœul,Marketing
Meridith,Guildford,13/1/1986,16/7/2012,Metsavan,Product Management
Vivi,Fitkin,11/12/1972,25/11/2017,La Cocha,Human Resources
Maximilien,Bowshire,14/9/1982,2/7/2015,Muyi,Sales
Sophi,Harriday,6/3/1971,19/11/2017,Kuybyshevskiy Zaton,Legal
Fancy,Dinis,29/4/1992,2/9/2012,Buga,Services
Zulema,Ovenell,6/5/1981,16/6/2016,Salamrejo,Marketing
King,Vasyanin,24/3/1973,18/10/2016,Bayeman,Marketing
Fidelity,Mattiussi,23/3/1995,13/8/2014,Zhujiatai,Services
Victor,Ogg,8/3/1983,22/4/2012,Gbarnga,Accounting
Shaylynn,Cornau,11/8/1976,20/1/2017,Dashuipo,Human Resources
Skipton,Pote,4/8/1991,23/6/2015,Taoyuan,Product Management
Siward,Crysell,10/5/1993,3/6/2019,Czudec,Engineering
Pren,Bartrop,2/7/1981,4/2/2015,Napanee Downtown,Legal
Iseabal,Pinney,10/7/1983,9/10/2014,Iracemápolis,Human Resources
Yankee,Brende,24/10/1971,23/10/2018,Kinshasa,Support
Stu,Prettyman,14/2/1989,17/7/2013,Alor Setar,Accounting
Elayne,Frangello,23/10/1986,3/3/2018,Qagan Obo,Research and Development
Erny,Aire,7/4/1997,10/1/2016,Bailai,Research and Development
Marie-ann,Kneeland,19/9/1971,8/9/2018,Shitun,Accounting
Adina,Brindle,1/4/1999,13/10/2012,Namangan Shahri,Support
Julie,Rider,4/3/1975,12/7/2013,Donghe,Product Management
Arnoldo,Guarin,8/5/1971,5/6/2014,Bochov,Business Development
Carling,Tolomio,26/2/1974,6/9/2013,Kloulklubed,Human Resources
Jereme,McAlinion,16/1/1970,6/2/2019,Osapsio,Research and Development
Lydie,McNae,21/7/1981,27/8/2018,San Luis,Engineering
Deane,Harrap,14/11/1997,12/5/2014,Staraya Mayna,Sales
Lucia,Knibbs,2/6/1994,28/7/2017,Banjar Mambalkajanan,Legal
Frank,Eplate,24/4/1989,23/4/2016,Baturaden,Business Development
Boonie,O'Moylan,20/11/1995,28/8/2014,Manalongon,Marketing
Tabbie,McMeekan,1/3/1987,27/11/2013,Borzoy,Services
Amata,Rust,15/12/1981,26/10/2012,Uychi,Accounting
Timmie,Spencers,21/7/1981,25/8/2015,Colegiales,Human Resources
Ernst,Lackey,6/5/1984,2/7/2017,Skellefteå,Accounting
Delmar,Bedinham,25/4/1995,22/3/2014,Smyga,Business Development
Sanford,Mc Giffin,30/4/1978,5/12/2014,Montaneza,Engineering
Horatius,Vivien,14/6/1976,27/1/2017,Paccha,Marketing
Hadria,Cornbill,24/1/1977,20/12/2018,Ziębice,Accounting
Micah,Cammack,5/3/1995,18/4/2014,Ojrzeń,Research and Development
Waylan,Robison,29/1/1988,2/4/2015,Matagalpa,Product Management
Derrek,Cumberpatch,17/6/1984,24/2/2017,Fort Worth,Human Resources
Chad,Jenno,6/9/1985,18/3/2015,Garang,Sales
Tait,Peplaw,31/5/1983,29/5/2015,Bodiosa a Velha,Accounting
Rayna,Sugg,23/6/1985,20/2/2015,Mangarine,Services
Talbert,Devonish,13/7/1991,2/7/2014,Otradnoye,Business Development
Fernandina,Antalffy,3/3/1990,18/8/2012,Mugan,Legal
Tobe,Petley,15/6/1977,27/5/2013,Palos,Accounting
Laurens,Marlin,4/12/1972,27/12/2015,Río Bueno,Product Management
Benoit,Beseke,12/6/1979,1/1/2014,Frederiksberg,Services
Cati,Cowell,5/4/1997,12/5/2018,Ngluwuk,Product Management
Antonin,Bartaletti,8/9/1974,24/6/2012,Shibīn al Qanāţir,Legal
Samaria,Sinden,22/5/1972,31/7/2018,São João do Campo,Training
Konstance,Tunmore,11/7/1975,10/8/2015,Napnapan,Support
Osmond,Spennock,13/2/1982,3/10/2012,Tqibuli,Training
Felipe,Floweth,23/11/1992,27/5/2015,Avlónas,Research and Development
Ignacius,Mergue,23/12/1974,14/10/2018,Palopat,Marketing
Elmira,Tooth,22/12/1998,6/3/2012,Azua,Human Resources
Gabe,Pfaffel,7/3/1971,22/11/2015,Changchuan,Product Management
Rollins,Pochin,20/7/1997,15/7/2012,Aco,Sales
Care,Caban,16/11/1981,1/4/2017,Pajannangger,Support
Gayle,Townrow,27/12/1990,14/1/2012,Pringgoboyo,Services
Weber,Farraway,21/2/1976,8/9/2013,San Diego,Business Development
Rheta,Bartoletti,28/4/1981,30/10/2014,Blagoveshchenka,Engineering
Towney,Selesnick,2/10/1971,25/3/2013,Fika,Engineering
Audre,Pridie,29/6/1983,4/11/2012,Dzyatlava,Support
Worth,Shepeard,5/3/1984,15/12/2017,Oslo,Engineering
Wit,Aloshkin,16/4/1981,14/6/2014,Mambalan,Legal
Yves,Norley,29/9/1999,31/1/2014,Junchuan,Research and Development
Irita,Vasyutochkin,24/2/1998,24/5/2017,Paris 16,Sales
Ruthi,Wimp,8/2/1981,2/8/2015,Niedzica,Marketing
Man,Klais,6/6/1986,7/5/2013,Taiping,Engineering
Georgia,Ratt,31/8/1988,20/6/2018,Dahuaishu,Accounting
Trixi,Chastel,26/3/1987,16/5/2019,Brisbane,Support
Brit,Tessier,26/7/1988,29/5/2016,Aix-en-Provence,Product Management
Shawn,Staddon,13/1/1971,15/9/2013,Marína,Marketing
Krista,Dozdill,13/5/1985,5/11/2015,Curahkalak Tengah,Business Development
Glennie,Jedraszczyk,25/11/1981,11/10/2014,Ibung,Human Resources
Chad,Davidovici,11/9/1990,21/11/2015,Xiaowuzhan,Support
Nariko,Roughey,15/1/1985,12/4/2015,Jilong,Human Resources
Toiboid,Thundercliffe,7/7/1974,21/3/2019,Yambio,Marketing
Nanny,Blucher,22/10/1981,11/3/2019,Baláo,Sales
Saba,Kitchener,11/6/1995,2/1/2017,Santa Lucía,Product Management
Lorry,Ambage,10/5/1970,30/8/2018,Linggou,Research and Development
Mable,Dunstan,12/11/1978,17/10/2018,Niquelândia,Human Resources
Jordain,Peris,22/1/1994,15/7/2016,Athi River,Engineering
Kelby,Haskayne,1/12/1982,5/6/2014,Biga,Human Resources
Amalee,Ealles,2/3/1973,15/5/2012,Lorient,Training
Yolane,Nicolson,27/6/1995,23/7/2016,Barat,Engineering
Bobbie,Kleinber,7/12/1990,29/6/2013,Al Muwayh,Engineering
Rosemaria,Scaddon,13/4/2000,3/2/2015,La Unión,Support
Fernandina,Thaim,24/9/1978,1/2/2013,Huazangsi,Support
Rea,Roofe,26/10/1987,10/1/2019,Kool Tengah,Legal
Dorothee,Pacquet,2/2/1981,9/12/2017,Bayanbaogede,Services
Ianthe,Renad,29/4/1990,15/8/2014,Caleta Cruz,Training
Nat,Churching,4/8/1990,28/3/2013,Shashi,Support
Philippine,Hessay,16/7/1987,4/11/2018,Dunkerque,Services
Breena,Vaisey,30/3/1971,2/12/2012,Shuiquan,Research and Development
Lee,Deschlein,28/7/1998,27/3/2017,Lingkou,Business Development
Dru,Emberson,5/11/1989,9/1/2012,Slovenske Konjice,Marketing
Danice,Bhar,23/10/1987,31/1/2013,Janikowo,Legal
Jeanine,Benbrick,9/7/1985,28/7/2015,Lappi,Engineering
Hestia,Crome,6/11/1972,30/5/2016,Šentilj v Slov. Goricah,Marketing
Carmencita,Deane,11/6/1988,12/4/2017,Rajhrad,Marketing
Anastasie,Fussen,2/10/1989,24/6/2012,Inkerman,Product Management
Alanah,Wagge,21/10/1986,28/7/2018,Gesing,Accounting
Cele,Heinreich,30/1/1986,2/7/2013,Feyẕābād,Engineering
Rochella,Yarrington,10/2/1971,2/7/2017,Mompós,Legal
Adelind,Blondelle,24/1/1994,18/11/2016,Betania,Engineering
Bartholomeus,Tague,16/1/1992,19/5/2013,Enewetak,Business Development
Vasily,Carruth,12/12/1989,17/2/2016,Yangiyŭl,Engineering
Sheeree,Aksell,24/1/1977,23/9/2016,Tqibuli,Research and Development
Tiphanie,Scandred,28/12/1999,13/11/2012,Pamupukan,Engineering
Rick,McCurry,18/12/1976,26/12/2017,Pacaycasa,Legal
Willem,Taplow,16/12/1970,21/9/2012,Bedinje,Services
Phillip,Andryushin,18/10/1981,23/3/2017,Acli,Engineering
Yard,Ruperti,25/5/1997,10/12/2017,Asímion,Engineering
Ernesta,Whewell,16/9/1980,2/3/2013,Grindavík,Accounting
Diahann,Pybus,9/12/1979,8/8/2013,Yidu,Support
Maxie,Brastead,25/10/1988,3/2/2017,Long Layu,Support
Stanley,Kirkman,17/5/1994,4/4/2012,Kristiansand S,Human Resources
Martie,Foxon,21/8/1978,4/7/2013,Zuhu,Research and Development
Jessy,Gentle,3/12/1970,17/12/2012,Zekou,Human Resources
Moore,Godspede,19/8/1999,22/7/2013,Sigay,Research and Development
Britt,Polleye,4/10/1988,6/7/2013,München,Business Development
Brittan,Steanyng,14/8/1974,8/9/2012,Belogorsk,Marketing
Humbert,Feathers,21/7/1999,2/6/2013,Dapuchaihe,Sales
Archer,Mingo,28/1/1986,2/12/2015,Pulau Pinang,Marketing
Evyn,Shakelady,22/6/1972,20/8/2018,Cililitan,Sales
Ettie,Hancock,8/2/1996,28/2/2019,Bełchatów,Human Resources
Fernando,Dowbakin,12/7/1970,9/1/2019,Stockholm,Marketing
Anthony,Caukill,23/4/1991,20/10/2014,Kibiti,Sales
Westbrook,Marzelli,26/4/1972,1/8/2012,Kuilehe,Human Resources
Angelika,Robinson,4/12/1971,9/8/2014,Mencon,Marketing
Aundrea,Catton,18/3/1995,17/9/2012,Pekan,Research and Development
Druci,Golightly,20/11/1977,6/12/2014,Luthu,Research and Development
Ddene,Waller-Bridge,3/7/1977,17/1/2016,Colonia Elía,Human Resources
Scotti,Newbery,16/12/1986,13/6/2013,Lesnoy,Accounting
Fidelio,Lerego,21/8/1994,25/7/2013,Jiangkou,Services
Lonny,Terzi,25/5/1975,3/2/2014,Lisiy Nos,Engineering
Reginald,Karus,11/6/1994,23/10/2014,Anchang,Sales
Twyla,Schimank,9/12/1984,30/4/2019,Bayt Ta‘mar,Engineering
Phip,Whiskin,27/5/2000,25/9/2012,Nezamyslice,Training
Merlina,Peniello,8/3/1986,28/3/2013,Tabira,Legal
Linnet,Ropkins,25/6/1978,16/4/2019,Makrychóri,Accounting
Leanora,Cuttin,6/1/1979,21/7/2018,Gambalidio,Business Development
Pammie,Vahey,6/6/1989,28/7/2017,Krasnokamensk,Services
Amye,Hurche,11/3/1984,3/12/2017,Croix,Research and Development
Cart,Manvelle,11/9/1990,2/10/2017,Shuishaping,Support
Millicent,Sollis,17/4/1984,12/6/2016,Santo Domingo,Human Resources
Alma,Miroy,18/9/1982,16/9/2013,Bunigeulis,Services
Ermanno,Domenc,1/2/1984,4/11/2018,Guyang,Engineering
Carlene,Rowly,19/1/1980,10/8/2014,Taipingzhuang,Sales
Mick,Hebard,29/9/1976,29/10/2017,Kalix,Services
Dietrich,Charrington,9/7/1978,10/4/2019,Beauceville,Human Resources
Abraham,Phayre,26/3/1978,8/3/2014,Bagacay,Research and Development
Devon,Illesley,21/8/1991,20/5/2015,Cilampuyang,Engineering
Sydney,Graal,27/12/1980,2/10/2015,Oruro,Training
Mace,Sivill,21/8/1979,5/6/2018,Torre,Business Development
Francklyn,Zecchinii,3/1/1981,17/8/2015,Wąbrzeźno,Sales
Temple,Muirden,18/2/1978,13/10/2014,Klyuchi,Accounting
Lewiss,Kesey,27/1/1994,13/4/2016,Rio Meão,Services
Cathrin,Omond,19/10/1986,29/12/2013,Bongued,Business Development
Brinn,Bucktharp,13/8/1994,9/8/2016,Jāti,Product Management
Twila,Nelsey,13/7/1989,31/3/2016,Mogotes,Accounting
Mimi,Vinson,22/2/1975,13/12/2016,Saumur,Sales
Tonya,Grossier,3/5/1979,18/9/2017,Feitoria,Training
Lebbie,Lowder,21/10/1981,24/5/2018,Duanshen,Accounting
Vick,Springate,9/1/1992,26/10/2016,Tarīm,Human Resources
Inger,Palombi,30/9/1988,15/8/2018,Guodu,Product Management
Armando,Swinburne,27/4/1996,26/8/2013,Glogovac,Product Management
Karla,O'Growgane,1/2/1978,27/11/2014,Jingkou,Support
Kirk,Hearfield,27/11/1978,18/7/2015,Zhuangta,Support
Bent,Blanshard,22/8/1972,4/3/2018,Porto União,Services
Spenser,Demageard,29/10/1990,26/12/2018,Christchurch,Engineering
Stephi,Finby,3/8/1986,2/12/2018,Payao,Sales
Eustacia,Aaron,14/5/1974,6/12/2015,Galitsy,Business Development
Katlin,Plank,13/3/1986,10/1/2018,Atawutung,Human Resources
Cheston,Cordero,10/12/1990,12/5/2017,Kinnula,Accounting
Nerissa,Karczinski,22/12/1993,8/8/2015,Tokarnia,Sales
Ravid,Blackborn,1/5/1996,13/5/2012,Dmitrov,Accounting
Ulrich,Cavendish,30/12/1995,10/2/2015,Castries,Accounting
Berenice,Bake,1/8/1980,24/12/2013,Khashuri,Sales
Web,Golden,19/7/1990,1/4/2012,Gangou,Legal
Grethel,O'Moylane,21/7/1974,26/10/2018,Vnukovo,Legal
Che,Denial,11/1/1996,4/1/2019,Margherita,Product Management
Jarret,le Keux,17/11/1982,26/7/2016,Krajan Gebangan,Training
Law,Hoffner,2/5/1991,29/6/2013,Niechanowo,Marketing
Ddene,Bim,21/4/1989,21/11/2012,Caijiagang,Support
Brande,Howley,3/10/1984,7/9/2012,Reforma,Product Management
Dion,Anfusso,2/9/1975,11/10/2015,Shuishaping,Training
Roderigo,Marmyon,24/2/1980,23/2/2016,Žeravice,Marketing
Onfre,Simonetti,25/10/1992,13/9/2012,Quintela,Business Development
Gerianne,Du Plantier,22/7/1998,3/11/2017,Tembilahan,Training
Hubie,Yellowley,4/12/1989,5/11/2016,Muang Sam Sip,Human Resources
Oralle,Seakings,12/10/1985,23/3/2014,Bhunya,Sales
Kinny,Balfre,17/10/1995,5/5/2017,Talas,Support
Heinrik,Gealle,10/6/1981,22/10/2017,Kalianget,Research and Development
Franchot,Donovin,21/5/1992,29/3/2014,Hronov,Training
Mayne,Itzkowicz,30/8/1970,22/7/2012,Velké Bílovice,Sales
Jae,Mellmoth,19/12/1972,28/7/2016,Zelenchukskaya,Marketing
Jackie,Crippen,19/7/1987,22/8/2018,Youxi,Research and Development
Tammi,Rissen,3/8/1982,19/11/2017,Kuniran,Product Management
Jeniece,Pautard,25/10/1986,6/8/2014,Al Burayqah,Legal
Peyter,Medmore,7/5/1971,13/12/2013,Minien East,Services
Braden,Rable,20/7/1994,30/8/2012,Haninge,Engineering
Mufi,Mattingley,11/6/1994,6/2/2016,Tianhu,Human Resources
Fitzgerald,Pulman,22/10/1973,5/8/2018,Rakvere,Sales
Candida,Bourke,22/1/1994,1/12/2013,Dukoh,Services
Miguela,Keepence,31/10/1980,17/2/2017,Balabagan,Sales
Thorstein,Sausman,2/7/1978,11/6/2014,Wudui,Marketing
Darcee,Wilbore,16/1/1978,23/3/2013,Boca de Parita,Accounting
Darsey,Bird,29/8/1984,22/5/2017,Agdangan,Research and Development
Fraser,Iffland,28/11/1987,20/5/2012,Lashkar Gāh,Marketing
Juliana,MacClancey,17/3/1994,28/6/2018,Viana do Alentejo,Product Management
Marion,Kauble,14/5/1984,23/4/2014,Plaza de Caisán,Business Development
Verla,Kupka,13/5/1998,17/7/2016,Velyki Sorochyntsi,Training
Bondy,Itzakovitz,6/3/2000,23/1/2012,Zbytków,Product Management
Francklyn,Forrester,5/8/1985,27/5/2017,Malinta,Training
Dermot,Beccera,12/4/1981,28/11/2012,Guadalupe Victoria,Training
Haydon,Ronci,6/4/1973,18/5/2019,Anshan,Research and Development
Minna,Marre,11/4/1977,13/6/2012,Chinú,Training
Miguel,Stailey,7/7/1990,21/1/2015,Las Tunas,Business Development
Oliviero,MacMichael,10/4/1978,25/9/2013,Mojoagung,Legal
Susette,Sibthorp,15/7/1972,25/5/2014,Darpas,Engineering
Jori,Winter,23/11/1983,10/4/2017,Ducheng,Research and Development
Kanya,Cryer,29/11/1986,1/10/2018,Krasae Sin,Legal
Arv,Dach,3/11/1981,30/6/2015,Kopashnovo,Legal
Whitaker,Havercroft,30/7/1993,6/5/2013,Émpa,Marketing
Taffy,Sapena,9/6/1988,22/6/2015,Tegalagung,Accounting
Rosette,Lowseley,13/4/1981,21/11/2016,Al Lubban al Gharbī,Research and Development
Creighton,Draysay,11/2/1987,18/6/2012,Vichuga,Training
Adria,Klousner,29/8/1998,15/6/2019,Ovidiopol’,Human Resources
Renae,Pfeifer,17/5/1972,25/12/2012,Cimongkor,Sales
Shandra,Weeks,17/1/1977,10/9/2012,Tremembé,Marketing
Raymund,Blumer,26/10/1982,1/5/2015,San Juan Sacatepéquez,Business Development
Allie,Lemmanbie,30/4/1991,15/8/2017,Baranovichi,Engineering
Francine,Rodrig,14/4/1998,24/3/2018,Khulm,Product Management
Lefty,Hudless,2/11/1989,13/12/2018,Unden,Engineering
Zebulen,Nottram,10/11/1987,5/12/2014,Agboville,Marketing
Denise,Duffield,6/8/1977,4/6/2016,Bitola,Sales
Nomi,Biaggi,22/7/1982,21/8/2018,Popil'nya,Sales
Talbert,Rymmer,7/10/1999,23/4/2013,Kumanovo,Marketing
Janka,Keys,11/12/1995,22/8/2012,Gornji Petrovci,Engineering
Jerad,Petrina,26/11/1997,21/1/2016,Francisco Morato,Product Management
Garvin,Blinde,19/10/1997,14/7/2015,Liqiao,Business Development
Benita,Meneghelli,17/7/1976,28/12/2015,Bududa,Research and Development
Anabel,Heggison,13/12/1992,27/7/2016,Zhangjiapan,Support
Linn,Sybry,18/4/1983,22/4/2016,Galván,Support
Durward,Renzini,1/6/1978,26/9/2013,Bantawora,Legal
Modestine,Wittey,1/12/1978,18/7/2014,Tabaquite,Engineering
Tull,Madelin,1/1/1993,16/6/2013,Banovo Polje,Accounting
Mikkel,Sill,15/1/1992,4/11/2013,Wanzu,Product Management
Aggy,Tugman,3/1/1984,6/11/2015,Douz,Training
Heida,MacKeller,26/6/1988,2/12/2018,Malusay,Research and Development
Beth,Berridge,2/9/1971,28/12/2013,Zhanbei,Legal
Ashley,Absolon,14/9/1972,11/11/2016,Skövde,Research and Development
Glenna,Serrell,10/9/1996,24/2/2012,Hukou,Engineering
Tiphani,McCracken,18/4/1988,20/7/2018,Mandal,Support
Birch,Jatczak,1/7/1975,14/11/2012,Nor Yerznka,Product Management
Darlene,Simonitto,21/7/1972,23/10/2015,Agrela,Accounting
Adrian,Truwert,23/1/1997,13/1/2015,Baisha,Sales
Derk,Schirach,26/12/1992,21/10/2015,Lynchburg,Product Management
Padraic,Tough,26/2/1997,17/11/2017,Shuinanxu,Training
Lacy,Rendall,5/10/1985,22/8/2012,Ad Darbāsīyah,Services
Dudley,Jansson,30/6/1987,19/11/2012,Borjomi,Support
Geri,Settle,24/6/1988,7/4/2013,Shawnee Mission,Training
Oriana,Wimbridge,17/3/1993,29/4/2017,Gnosjö,Legal
Fonsie,Stede,3/2/1974,19/6/2016,Zhuhe,Business Development
Felice,Kaplin,7/5/1973,16/6/2019,Klinan,Sales
Yolanthe,Mitchelhill,25/6/1978,31/3/2019,Nakambala,Accounting
Moria,Calcutt,22/7/1978,30/1/2017,Kopen,Training
Scarface,Gricewood,27/3/1979,15/4/2016,Salamá,Support
Ninette,Fakeley,22/8/1996,11/9/2017,Shuangtang,Support
Humberto,Sweynson,27/9/1971,25/4/2014,Otuzco,Marketing
Beverlie,Consadine,19/1/1998,16/6/2014,Macachín,Research and Development
Noble,Inns,18/2/1978,11/8/2018,La Loma,Engineering
Ferrell,Larvin,21/4/1995,25/4/2014,Vienna,Support
Vin,Vlasyev,20/7/1973,29/12/2012,Honolulu,Support
Turner,Egglestone,17/2/1994,25/5/2016,San Jose,Accounting
Gamaliel,Smalridge,22/2/1974,8/8/2016,Yucun,Accounting
Libbey,Yockney,11/9/1997,22/7/2017,Longzhou,Legal
Marie-ann,Cinderey,27/5/1992,12/1/2016,Tanahwulan,Engineering
Faythe,Dresser,23/5/1973,11/8/2017,Zhangcunping,Marketing
Darci,Goard,26/1/1995,17/7/2015,Bandhagen,Sales
Marc,Mensler,28/1/1995,21/4/2018,Jiulong,Training
Tremain,Dudney,8/10/1996,28/2/2016,Charopó,Human Resources
Jacobo,Pryn,25/2/1992,13/10/2014,Regulice,Support
Vergil,Wrought,4/11/1996,28/4/2013,Guanshan,Research and Development
Zarla,Brason,19/9/1981,27/7/2013,Sosnovoborsk,Business Development
Carly,Zimmerman,19/10/1982,19/5/2016,Junchuan,Marketing
Che,Trillow,22/5/1983,22/12/2012,Carcavelos,Engineering
Maryellen,Caulder,8/12/1994,31/7/2014,Dongchengyuan,Services
Willey,Treadwell,1/2/1991,20/1/2013,Ar Ruţbah,Support
Loralie,Tantrum,14/5/1979,21/10/2014,Papeete,Research and Development
Kailey,Klass,14/1/1972,8/2/2012,Kap Choeng,Support
Marty,Butterwick,8/6/1975,28/3/2013,Haghartsin,Legal
Brittni,Forshaw,29/7/1976,25/11/2015,Topeka,Engineering
Emelina,Berthomier,12/4/1976,10/1/2018,Gävle,Sales
Sher,Chidlow,31/8/1998,10/6/2015,Alcaria,Research and Development
Katya,Mayhead,4/5/1994,1/1/2018,Naḩḩālīn,Product Management
Grannie,Tollow,27/11/1979,14/7/2018,Sąspów,Human Resources
Arny,Tissington,30/1/1986,1/6/2019,Kembangarum,Engineering
Carlee,Lovering,6/7/1983,1/9/2012,Carleton Place,Sales
Malinde,Walkden,3/7/1988,7/1/2015,Dasiping,Accounting
Cherlyn,Blundel,28/10/1974,28/7/2017,Dadeldhurā,Legal
Izaak,Klimowski,29/12/1992,1/2/2018,Dana,Human Resources
Dag,Sevitt,16/8/1990,4/5/2014,Bardaï,Business Development
Gustaf,Camps,25/7/1990,30/1/2014,Jingjiang,Marketing
Reece,Pierro,25/5/1984,30/6/2018,Mabuhay,Marketing
Langston,Harburtson,16/3/1981,9/11/2018,Al Qaţīf,Marketing
Kamilah,Phayre,24/7/1980,3/8/2015,Staryy Merchyk,Sales
Darby,Tiplady,14/12/1988,23/8/2013,Pamoyanan,Engineering
Monte,Jacobsen,10/10/1972,25/10/2017,Fornelos,Marketing
Julian,Daens,14/1/1984,26/11/2013,Göteborg,Services
Hallsy,Jehaes,18/6/1983,12/6/2018,Shengze,Human Resources
Johny,Stiggers,29/7/1986,30/9/2012,Quintas,Legal
Konstance,Doblin,4/12/1997,11/10/2018,Juzhen,Business Development
Baird,Huglin,1/2/1991,10/4/2017,Gerakaroú,Engineering
Willem,Pyrah,12/4/1996,3/2/2012,Jabonga,Engineering
Finley,Escalera,16/2/1993,13/11/2017,Ambilobe,Legal
Angy,Lowery,11/4/1996,4/2/2014,Pyhäntä,Human Resources
Hoyt,von Grollmann,24/6/1993,15/6/2017,Copa,Legal
Hatty,Cuthbertson,21/2/1986,14/8/2014,Uddevalla,Research and Development
Danica,MacMearty,1/3/1991,8/1/2019,Kęsowo,Research and Development
Charla,Gercke,23/6/1972,25/1/2017,København,Sales
Dukey,Tinghill,27/3/1982,1/2/2017,Huainan,Training
Padraic,Bircher,8/12/1970,9/11/2018,Zhuxing Chaoxianzu,Human Resources
Lou,Crookshank,29/11/1978,16/1/2016,Krajan Atas Suger Lor,Business Development
Nettle,Huey,12/10/1991,26/11/2016,Youludu Sibage,Support
Charita,Drydale,30/3/1972,13/4/2012,Dongshangguan,Legal
Bale,Miner,12/4/1988,7/10/2016,Gračac,Engineering
Norri,Goulborne,13/4/1998,24/11/2018,Napnapan,Human Resources
Tallulah,Pinxton,12/1/1999,23/10/2018,Gualmatán,Engineering
Kat,Atteridge,17/5/1982,30/6/2013,Sabá,Marketing
Austine,Glasson,13/9/1970,26/12/2018,Tāybād,Training
Xerxes,Danniel,17/3/1973,20/6/2018,Sindangbarang,Legal
Melanie,Dachey,6/4/1976,30/1/2012,Pak Chom,Business Development
Carmelina,Bault,6/12/1989,3/6/2012,Tulungagung,Accounting
Andria,Tremouille,11/10/1971,26/3/2016,San Rafael,Training
Sauncho,Walworche,15/7/1996,26/11/2018,Sagbayan,Training
Yorker,Wrighton,4/4/1982,17/4/2014,Torino,Training
Hewet,MacKeller,14/6/1993,14/7/2017,Novokizhinginsk,Accounting
Lita,Larkkem,13/6/1984,4/6/2012,Sabaneta,Product Management
Packston,Montrose,20/5/1983,11/10/2018,Santo Niño,Legal
Paulina,Walrond,15/5/1976,6/11/2013,Chaltyr,Sales
Tatiania,Nouch,28/10/1973,7/11/2014,Kuala Bhee,Support
Wilow,Emmanueli,23/11/1991,10/9/2014,Bujanovac,Legal
Daisy,Knibley,16/9/1974,28/2/2018,Mrongi Daja,Research and Development
Hamlin,Braybrooks,7/10/1970,29/8/2016,Irtyshskiy,Marketing
Ferdinand,Kingsman,24/10/1974,27/4/2017,Laugar,Human Resources
Lindy,Forton,1/12/1978,7/11/2013,Xiachen,Legal
Ellene,Stiebler,18/2/1999,26/3/2012,Rakaia,Accounting
Justine,Priestland,9/10/1991,1/4/2018,Baranowo,Accounting
Jaynell,Fetter,24/4/1982,24/5/2019,Zhongling,Legal
Melissa,Darinton,9/3/1984,1/4/2014,Danidehe,Accounting
Rennie,Borsi,25/8/1988,26/9/2014,Strogino,Support
Camella,Liffey,17/2/1980,26/6/2015,Alhambra,Legal
Fonsie,Tatum,1/7/1978,4/5/2013,Savannakhét,Human Resources
Dayle,Keysall,19/9/1977,15/10/2016,Potet,Legal
Somerset,Guidone,18/11/1991,21/2/2013,Sarov,Research and Development
Gwendolin,Egalton,6/3/1975,14/5/2014,Garunggang,Engineering
Giulia,Cumberledge,16/3/1985,21/9/2016,Pasiraman,Product Management
Bale,Rolf,10/9/1971,9/6/2013,Kirgili,Research and Development
Lola,Kitchenham,6/8/1993,30/12/2015,Nîmes,Business Development
Morly,Birt,27/8/1970,2/7/2015,Mannheim,Training
Sula,Iltchev,7/8/1994,16/12/2018,Anjozorobe,Accounting
Bren,Naulls,15/2/1983,9/2/2017,Toulouse,Engineering
Flynn,Tulloch,21/12/1975,17/7/2015,Mosfilotí,Product Management
Frannie,Linch,13/2/1983,9/5/2013,Fangshan,Sales
Amos,Ogelbe,28/2/1987,17/8/2017,Fonte Boa,Product Management
Putnam,Rankcom,27/8/1971,17/1/2012,Doumen,Research and Development
Jard,Wallace,26/5/1993,22/10/2018,Kuching,Support
Salvatore,McCaskell,2/3/1971,6/5/2017,Novoselitsa,Training
Claudius,Drepp,1/7/1984,3/11/2012,Jing’an,Research and Development
Anita,Provest,30/10/1973,19/7/2016,Kombapari,Human Resources
Mart,Roumier,11/4/1972,9/12/2012,Utama Wetan,Business Development
Aeriel,Wythe,29/6/1977,11/4/2019,Uritsk,Business Development
Mark,Blount,3/8/1979,2/9/2013,Bugojno,Services
Anita,Checklin,5/4/1985,12/2/2012,Nicosia,Training
Percival,Petkovic,17/8/1980,8/3/2019,Qingshi,Business Development
Lorinda,Cecere,24/1/1979,18/8/2015,Degan,Legal
Hercule,Ciani,23/3/1984,23/3/2018,Sam Khok,Human Resources
Rickert,Schriren,21/11/1974,30/10/2015,Posse,Business Development
Tiffani,Brenton,25/10/1986,8/10/2013,Glagahan,Sales
Erin,Shapcott,13/11/1975,6/12/2012,Ristinummi,Business Development
Mikel,Davidwitz,21/6/1998,16/10/2012,Piteå,Human Resources
Lilly,Lees,15/11/1977,27/5/2014,Saraza,Product Management
Nevil,Dabbs,24/2/1993,3/6/2017,Kardhiq,Sales
Rudolf,Von Oertzen,12/5/1990,11/8/2013,Duszniki-Zdrój,Research and Development
Enrica,Ludgate,26/11/1972,4/12/2013,Yingkeng,Engineering
Alena,Lewnden,5/9/1985,5/8/2018,Totora,Research and Development
Lulu,Diable,23/5/1988,9/6/2012,Zhishan,Accounting
Virgilio,Tureville,6/1/1990,20/11/2017,Tabio,Accounting
Mose,Maddra,15/9/1988,29/7/2016,Nikita,Sales
Florri,Mathe,2/3/1987,28/4/2012,Borzytuchom,Business Development
Nickolai,Phalip,31/12/1997,27/1/2016,Cachoeiro de Itapemirim,Sales
Estella,Andreaccio,24/10/1971,6/12/2016,Doko,Sales
Portia,Mertgen,6/7/1977,19/1/2013,Danghara,Product Management
Jana,Sydall,23/1/1990,25/1/2014,Pervoural’sk,Training
Chery,Harnett,31/8/1985,10/6/2013,Simabur,Business Development
Georgeta,Schwerin,7/4/1989,3/11/2018,Ngetkib,Sales
Eddi,Giorio,15/4/1995,10/5/2015,Prigrevica,Business Development
Laurens,Corradengo,15/11/1975,8/9/2014,Mertani,Research and Development
Vina,Perris,5/2/1991,13/12/2015,Wangba,Services
Julieta,Duesberry,7/5/1975,28/3/2015,Młynary,Business Development
Leonhard,Marchenko,18/8/1980,11/4/2018,Naprawa,Sales
Haily,Olivera,13/11/1990,2/10/2015,Liujiagou,Product Management
Margarette,Doni,4/9/1980,15/4/2015,Dve Mogili,Services
Herta,Ducker,3/7/1982,22/12/2017,La Lima,Engineering
Richart,Castellet,19/7/1986,12/4/2012,Nelipyno,Product Management
Martelle,Whorton,29/9/1977,27/6/2018,Warung Wetan,Business Development
Chuck,Haggerstone,10/6/1978,19/7/2012,Nijmegen,Marketing
Aloysius,Gudgeon,9/2/1980,6/5/2015,Sujiazhuang,Engineering
Mahmoud,Atterbury,30/10/1980,9/10/2012,Al Fākhūrah,Legal
Cherilynn,Ganny,22/11/1975,1/8/2012,Sembungan Kidul,Services
Millard,Liversley,8/2/1984,25/9/2015,Baranovichi,Legal
Elita,Presser,16/10/1976,26/10/2017,Charlotte,Engineering
Franni,Chattey,9/3/1979,31/5/2013,Bayanbaogede,Research and Development
Adam,Lomond,14/11/1987,7/12/2013,Qitai,Human Resources
Annmaria,Dyne,24/8/1991,27/4/2015,Fao Rai,Accounting
Malory,Cumberbatch,10/4/1979,16/2/2015,Dubréka,Accounting
Dniren,Timcke,26/8/1973,22/7/2018,Sumanding,Accounting
Derward,Disdel,17/10/1974,5/6/2012,Hukou,Sales
Allix,Wood,15/12/1988,29/6/2012,Jincheng,Marketing
Adolphus,Lange,29/11/1990,5/5/2015,Cho-airong,Services
Denny,Leinster,10/7/1993,13/3/2018,Sanyang,Research and Development
Karlis,Gallear,8/6/1980,22/3/2019,Beauceville,Legal
Teddy,Southam,20/10/1980,12/1/2014,Nizhnyaya Salda,Accounting
Andy,Antonat,15/10/1995,26/4/2014,Bilozerka,Engineering
Zondra,Chaster,17/1/1977,13/3/2017,Tangzhuang,Services
Cesaro,Tatterton,9/12/1980,11/9/2016,Kadengan,Human Resources
Andreana,Padula,22/5/1971,24/1/2018,Larangan,Services
Alfons,Dancey,9/7/1973,22/11/2013,Guantian,Human Resources
Maryanna,Syres,20/3/1970,18/6/2016,Saint Cloud,Engineering
Bevan,Puckham,15/2/1974,18/3/2015,Zákynthos,Marketing
Myron,Jakab,23/10/1976,2/4/2012,Formosa do Rio Preto,Sales
Phaedra,Pavese,2/6/1973,30/12/2018,Pangkalanbunut,Accounting
Frederich,Foote,16/3/1974,2/10/2015,Itapecerica da Serra,Product Management
Bennie,Briskey,12/6/1972,26/2/2012,Shangwuzhuang,Accounting
Kippy,Dobsons,21/8/1997,9/4/2015,Kista,Marketing
Delinda,Joost,29/6/1995,30/7/2017,Arhust,Business Development
Elonore,Geipel,11/12/1987,26/12/2015,Fangshan,Sales
Jan,Redwood,28/2/1982,8/12/2014,Suchy Las,Human Resources
Sharl,Jacobowits,28/5/1977,5/8/2016,Sirājganj,Engineering
Tan,Cade,12/2/1973,14/2/2015,Potelych,Training
Tiebout,Wailes,27/8/1989,1/1/2017,Jalupang Dua,Sales
Angeline,Line,13/9/1989,1/6/2017,Wŏnju,Training
Tam,Dunphie,6/9/1997,29/6/2018,Nazran’,Legal
Stephanus,Coates,18/8/1992,19/7/2012,Walahir,Support
Claiborne,Caramuscia,6/4/1988,28/6/2017,Troitsk,Product Management
Ewart,Grayham,2/3/1992,28/7/2015,Al Mushannaf,Legal
Glenn,Hedingham,5/12/1994,29/10/2014,Okulovka,Support
Nana,Bartkiewicz,4/9/1981,29/10/2015,Carmen,Support
Maegan,Durward,8/2/1996,16/9/2018,Jezerce,Accounting
Tracee,Barhims,6/9/1984,22/6/2018,Guoyuan,Training
Andy,Rosenbaum,18/6/2000,27/1/2017,Nice,Accounting
Livy,Joanaud,19/12/1986,15/8/2014,Morong,Training
Norah,Pierson,13/6/1970,10/8/2016,Belogorsk,Support
Kathryne,Lowseley,31/3/1993,15/10/2012,Janeng,Training
Ring,Ropcke,22/4/1982,28/5/2015,Žagarė,Marketing
Mattie,Eyre,16/6/1994,22/10/2014,Greda,Sales
Sile,Paniman,2/1/2000,20/7/2015,Nacka,Training
Rafi,Sturman,7/1/1970,26/12/2013,Orahovica,Engineering
Reina,Cordero,15/6/1992,13/12/2016,Madolenihm Municipality Government,Business Development
Albertine,Stickings,21/9/1980,7/12/2018,Majiao,Training
Tamar,Imos,2/1/1992,2/7/2015,Klagen,Research and Development
Herta,Gibbon,3/8/1982,8/9/2014,Pendiqing,Engineering
Shepherd,Tredinnick,8/4/1992,10/5/2019,Louisville,Sales
Eolande,Roles,24/10/1971,7/3/2016,Rio Meão,Legal
Adelaide,Whitehair,20/5/1978,27/4/2016,Takaoka,Training
Saul,Brymner,23/9/1979,25/1/2012,Shishan,Research and Development
Veronique,Grimsdike,14/11/1997,15/1/2012,Xujiafang,Legal
Town,Danks,21/12/1982,20/2/2013,Blois,Human Resources
Bat,Goede,2/1/1977,29/12/2016,Ouanaminthe,Marketing
Wynn,Yerby,11/10/1996,31/12/2018,Haozigang,Services
Pincus,Gillford,1/6/1970,4/6/2013,Laval,Business Development
Dallis,Castellucci,18/12/1990,27/8/2012,Norrtälje,Sales
Ara,Dust,31/5/1988,19/12/2015,Huazangsi,Training
Hettie,Gillespie,29/8/1985,12/10/2017,Bukitkemuning,Research and Development
Laryssa,Laxtonne,25/2/1973,5/7/2017,Wan’an,Marketing
Arman,Selvey,28/9/1986,20/5/2016,Wotsogo,Support
Moll,Robiot,20/6/1996,17/4/2015,Villa La Angostura,Services
Doralin,Connold,26/11/1988,12/9/2014,Romblon,Marketing
Estell,O'Kenny,14/7/1978,30/11/2013,Kocēni,Sales
Jecho,Belward,24/10/1988,9/8/2013,Hajeom,Legal
Avigdor,Hallums,5/9/1981,12/12/2016,Kopstal,Marketing
Lockwood,Byne,18/11/1992,31/12/2013,Wanurian,Research and Development
Berti,Larman,25/1/1989,26/11/2016,Wushi,Product Management
Addison,Whorall,2/5/1975,29/9/2012,Sanqishi,Engineering
Philippa,Farquharson,8/9/1982,2/6/2014,Tampa,Legal
Cosmo,Caso,11/3/1983,16/12/2017,Langarūd,Training
Nike,Goshawke,12/2/1974,2/5/2014,Ghāt,Product Management
Clementius,Govan,8/5/1972,12/11/2012,Savelugu,Product Management
Collen,Joplin,11/12/1986,14/5/2013,Calaoagan,Legal
Willem,Vowden,1/12/1998,13/3/2016,Antonio Toledo Corro,Legal
Kris,Kausche,16/11/1993,15/8/2018,Saurama,Marketing
Dodi,Cassy,4/10/1998,2/6/2014,Guta,Engineering
Felita,Quemby,23/10/1998,7/7/2013,Valladolid,Engineering
Nanice,Baelde,17/9/1984,21/7/2012,Daga,Training
Gabby,Sawday,24/1/1984,22/1/2018,Kafr Zaytā,Marketing
Nessy,Jaquest,14/4/1983,23/11/2016,Baoshan,Research and Development
Daniele,Lamborne,21/8/1976,31/8/2012,Anyama,Legal
Gerty,Spooner,27/12/1980,17/1/2013,Balogo,Product Management
Yolane,Ishchenko,1/10/1979,27/12/2016,Linköping,Business Development
Ewen,Pittham,4/1/1996,12/2/2019,Khafizan,Business Development
Celle,Counsell,21/5/1997,5/1/2019,Doropeti,Sales
Annette,Cloonan,20/2/1979,8/4/2015,Linjiang,Services
Orel,Bertenshaw,23/7/1995,24/4/2014,Stockholm,Accounting
Janina,Knoton,9/6/1986,22/2/2013,Zhushan Chengguanzhen,Research and Development
Arielle,Judkins,7/1/1990,9/4/2013,Bečej,Marketing
Tessa,Skilton,30/5/1975,10/6/2016,Kil’mez’,Engineering
Trixy,Schellig,6/12/1997,25/1/2019,Białobrzegi,Legal
Meghann,Dakhno,13/7/1992,29/11/2015,Igede-Ekiti,Marketing
Rock,Wabe,11/4/1982,15/4/2014,Pontarlier,Services
Warren,Wastling,18/3/2000,4/5/2017,Zalishchyky,Training
Tannie,Barreau,24/1/1989,28/9/2012,Duwakbuter,Training
Amalle,Tuffell,8/9/1981,17/1/2016,Wangdun,Training
Bonni,Woffinden,8/4/1985,1/8/2014,Atouguia,Business Development
Libbi,Vala,7/3/1997,20/4/2012,San José,Engineering
Elayne,Element,28/1/1979,6/9/2017,Granja,Services
Titus,Cockaday,28/1/1998,30/12/2017,Khuzdār,Accounting
Iormina,Authers,2/4/1981,8/5/2015,Colonia Aurora,Marketing
Gertrudis,Fullom,6/3/1990,4/6/2018,København,Accounting
Dru,de Villier,23/10/1996,11/6/2016,Bhāi Pheru,Sales
Persis,Vigors,17/9/1978,3/9/2015,Anle,Services
Marc,Robillard,31/7/1986,27/1/2015,Tungawan,Services
Teddie,Matzeitis,16/12/1990,22/2/2014,Tayug,Business Development
Clementine,Poyntz,28/4/1993,10/3/2015,Ondoy,Research and Development
Cherri,Stannus,25/2/1986,27/11/2013,Orly aérogare,Accounting
Roberta,Skayman,26/5/1984,26/6/2014,Keratéa,Engineering
Bee,Fernihough,7/3/1973,1/8/2017,Bairros,Sales
Deidre,Hedlestone,6/11/1988,21/5/2014,Lokavec,Product Management
Gianni,Tryhorn,17/11/1974,29/9/2012,Talaibon,Product Management
Akim,Spiby,15/9/1994,10/3/2016,Juatuba,Business Development
Johnnie,Dorber,13/7/1986,17/3/2018,Cirahab,Engineering
Stafani,Davidai,17/12/1999,29/2/2012,Čair,Engineering
Corenda,Kohneke,27/11/1993,17/11/2016,Devitsa,Marketing
Ugo,Fender,15/4/1974,30/5/2019,Rogów,Accounting
Niel,Parnell,2/11/1971,13/7/2015,Kezilei,Product Management
Brana,Heis,17/6/1970,20/2/2017,Ágios Andréas,Training
Marco,Shickle,12/3/1989,9/9/2015,Praia,Accounting
Maribel,Spire,22/4/1979,19/4/2015,Altagracia de Orituco,Legal
Halette,Mintram,19/8/1991,21/7/2012,Sapiranga,Support
Myrlene,Menghi,17/6/1980,17/7/2015,Sekampung,Accounting
Saundra,Simonelli,11/3/1979,15/3/2017,Dingjiaqiao,Services
Cathie,McGurgan,31/7/1996,29/8/2017,Lamak,Business Development
Sherwin,Domenici,13/10/1997,23/1/2015,Springfield,Sales
Sharlene,Tucker,22/10/1993,25/6/2016,Widuchowa,Business Development
Saba,Pack,9/9/1986,21/11/2016,Sharīfābād,Engineering
Josie,Brocks,20/7/1991,12/4/2012,Afareaitu,Accounting
Nicoli,Bardell,4/9/1980,28/4/2018,Sławatycze,Product Management
Jamima,Pharo,28/1/1994,17/12/2013,Borisovka,Legal
Sheff,Primarolo,7/10/1996,2/6/2012,Vitina,Business Development
Derry,Rillett,24/12/1973,6/6/2018,Nangkaruka,Business Development
Dwayne,O'Cahsedy,26/6/1975,13/12/2017,Pamotan,Legal
Arny,Jolliff,7/4/1972,13/3/2014,Černilov,Sales
Paton,McMonies,23/11/1977,28/3/2015,Amieirinha,Marketing
Dacie,Jilkes,14/12/1979,17/11/2013,Masindi Port,Sales
Glenna,Hannay,29/2/1980,2/5/2018,Awat,Research and Development
Trudey,Temblett,10/1/1972,12/10/2014,Huquan,Legal
Tadeo,Risley,27/9/1970,1/10/2016,Osan,Services
Mollee,Storrock,18/2/1994,19/10/2012,Brzeźnica,Marketing
Aileen,Gregori,13/7/1989,9/5/2018,Costa Rica,Support
Nomi,Maypother,22/7/1990,15/9/2015,Campurrejo,Sales
Casi,Aylmer,16/6/1975,16/6/2013,Kiihtelysvaara,Research and Development
Spence,Dat,1/1/1973,18/12/2015,Indianapolis,Accounting
Cullan,Maruska,12/10/1980,13/12/2013,Slunj,Legal
Katrina,Lambkin,18/2/1977,8/10/2012,Göteborg,Services
Morgun,Closs,19/4/1982,7/10/2018,Langue,Business Development
Torrance,Haack,20/4/1999,22/10/2013,Jatinagara,Marketing
Nathan,Temperton,25/10/1991,17/9/2014,Walagar,Accounting
Emmalyn,Mogridge,6/9/1995,14/2/2015,Saint-Étienne,Product Management
